,,,,2018 State Graduation Rate Data,,,,,,,,,,,,,,,,,,,,,,,,,,,,,,,,,,,,,,,,,,,,,,,
,,,,American Indian,,,Asian,,,Black,,,Hispanic,,,Multiracial,,,Native Hawaiian or Other Pacific Islander,,,White,,,Paid Meals,,,Free/Reduced Meals,,,General Education,,,Special Education,,,Non-English Language Learner,,,English Language Learner,,,Female,,,Male,,,Total,,
Corp Id,CORPORATION NAME,School Id,SCHOOL NAME,Cohort Count,Graduates,Graduation Rate,Cohort Count,Graduates,Graduation Rate,Cohort Count,Graduates,Graduation Rate,Cohort Count,Graduates,Graduation Rate,Cohort Count,Graduates,Graduation Rate,Cohort Count,Graduates,Graduation Rate,Cohort Count,Graduates,Graduation Rate,Cohort Count,Graduates,Graduation Rate,Cohort Count,Graduates,Graduation Rate,Cohort Count,Graduates,Graduation Rate,Cohort Count,Graduates,Graduation Rate,Cohort Count,Graduates,Graduation Rate,Cohort Count,Graduates,Graduation Rate,Cohort Count,Graduates,Graduation Rate,Cohort Count,Graduates,Graduation Rate,Cohort Count,Graduates,Graduation Rate
0015,Adams Central Community Schools,0021,Adams Central High School,,,,,,,,,,***,***,***,,,,,,,82,78,95.12%,66,65,98.48%,18,15,83.33%,77,77,100.00%,***,***,***,82,80,97.56%,***,***,***,35,35,100.00%,50,46,92.00%,85,81,95.29%
0025,North Adams Community Schools,0029,Bellmont Senior High School,***,***,***,***,***,***,***,***,***,15,14,93.33%,***,***,***,,,,121,117,96.69%,95,94,98.95%,46,42,91.30%,130,127,97.69%,11,9,81.82%,141,136,96.45%,,,,70,68,97.14%,72,68,94.44%,142,136,95.77%
0035,South Adams Schools,0023,South Adams High School,,,,,,,***,***,***,10,9,90.00%,***,***,***,,,,83,76,91.57%,62,61,98.39%,28,25,89.29%,82,79,96.34%,***,***,***,90,85,94.44%,***,***,***,52,46,88.46%,43,41,95.35%,95,87,91.58%
0125,M S D Southwest Allen County Schls,0047,Homestead Senior High School,***,***,***,24,24,100.00%,27,26,96.30%,27,26,96.30%,19,17,89.47%,***,***,***,453,435,96.03%,507,491,96.84%,46,41,89.13%,509,501,98.43%,44,31,70.45%,552,531,96.20%,***,***,***,275,269,97.82%,279,263,94.27%,554,532,96.03%
0225,Northwest Allen County Schools,0091,Carroll High School,***,***,***,16,15,93.75%,13,12,92.31%,16,13,81.25%,15,15,100.00%,,,,503,487,96.82%,469,459,97.87%,89,81,91.01%,505,494,97.82%,54,46,85.19%,557,539,96.77%,***,***,***,270,264,97.78%,294,279,94.90%,564,543,96.28%
0235,Fort Wayne Community Schools,0101,North Side High School,***,***,***,36,32,88.89%,104,80,76.92%,65,54,83.08%,35,28,80.00%,***,***,***,199,139,69.85%,102,88,86.27%,313,241,77.00%,327,277,84.71%,94,53,56.38%,404,320,79.21%,17,10,58.82%,207,162,78.26%,235,173,73.62%,442,335,75.79%
0235,Fort Wayne Community Schools,0102,R Nelson Snider High School,***,***,***,13,12,92.31%,102,95,93.14%,37,32,86.49%,35,29,82.86%,,,,275,259,94.18%,241,230,95.44%,213,198,92.96%,398,378,94.97%,58,50,86.21%,448,422,94.20%,***,***,***,233,216,92.70%,230,212,92.17%,463,428,92.44%
0235,Fort Wayne Community Schools,0105,South Side High School,,,,16,15,93.75%,120,93,77.50%,98,78,79.59%,26,20,76.92%,***,***,***,50,45,90.00%,69,58,84.06%,228,190,83.33%,264,231,87.50%,34,18,52.94%,279,233,83.51%,19,16,84.21%,156,133,85.26%,155,119,76.77%,311,252,81.03%
0235,Fort Wayne Community Schools,0177,Wayne High School,***,***,***,17,14,82.35%,78,70,89.74%,41,39,95.12%,22,19,86.36%,,,,102,92,90.20%,81,75,92.59%,177,159,89.83%,210,201,95.71%,48,33,68.75%,246,227,92.28%,12,7,58.33%,124,111,89.52%,137,124,90.51%,261,235,90.04%
0235,Fort Wayne Community Schools,0219,Northrop High School,***,***,***,21,20,95.24%,80,71,88.75%,54,51,94.44%,30,26,86.67%,***,***,***,331,303,91.54%,270,254,94.07%,238,214,89.92%,447,414,92.62%,62,54,87.10%,502,462,92.03%,***,***,***,274,257,93.80%,244,216,88.52%,518,473,91.31%
0255,East Allen County Schools,0049,Leo Junior/Senior High School,,,,***,***,***,***,***,***,***,***,***,***,***,***,,,,197,184,93.40%,187,180,96.26%,29,22,75.86%,211,199,94.31%,***,***,***,216,202,93.52%,***,***,***,97,94,96.91%,122,109,89.34%,219,203,92.69%
0255,East Allen County Schools,0081,Heritage Jr/Sr High School,***,***,***,19,19,100.00%,12,9,75.00%,11,11,100.00%,***,***,***,,,,95,88,92.63%,85,82,96.47%,57,49,85.96%,125,123,98.40%,17,8,47.06%,132,121,91.67%,10,10,100.00%,68,65,95.59%,74,66,89.19%,142,131,92.25%
0255,East Allen County Schools,0285,Woodlan Jr/Sr High School,,,,***,***,***,13,10,76.92%,***,***,***,***,***,***,,,,99,93,93.94%,82,78,95.12%,39,33,84.62%,112,108,96.43%,***,***,***,121,111,91.74%,,,,55,52,94.55%,67,59,88.06%,122,111,90.98%
0255,East Allen County Schools,0297,New Haven High School,,,,12,8,66.67%,68,51,75.00%,32,28,87.50%,20,14,70.00%,,,,145,117,80.69%,100,89,89.00%,158,128,81.01%,213,188,88.26%,48,29,60.42%,253,211,83.40%,***,***,***,137,118,86.13%,140,100,71.43%,277,218,78.70%
0255,East Allen County Schools,0394,East Allen University,,,,12,11,91.67%,***,***,***,12,11,91.67%,***,***,***,,,,30,30,100.00%,30,30,100.00%,35,34,97.14%,65,64,98.46%,,,,65,64,98.46%,,,,50,49,98.00%,16,15,93.75%,66,64,96.97%
0365,Bartholomew Con School Corp,0397,Columbus North High School,***,***,***,29,29,100.00%,***,***,***,48,43,89.58%,23,17,73.91%,***,***,***,372,330,88.71%,351,327,93.16%,120,102,85.00%,427,397,92.97%,47,32,68.09%,466,423,90.77%,***,***,***,221,204,92.31%,263,226,85.93%,484,430,88.84%
0365,Bartholomew Con School Corp,0399,Columbus East High School,,,,***,***,***,***,***,***,24,19,79.17%,17,16,94.12%,***,***,***,325,296,91.08%,264,258,97.73%,107,89,83.18%,329,307,93.31%,44,40,90.91%,365,341,93.42%,***,***,***,167,159,95.21%,216,188,87.04%,383,347,90.60%
0370,Flat Rock-Hawcreek School Corp,0410,Hauser Jr-Sr High School,,,,,,,,,,***,***,***,***,***,***,,,,69,67,97.10%,51,50,98.04%,21,19,90.48%,62,60,96.77%,10,9,90.00%,72,69,95.83%,,,,31,30,96.77%,41,39,95.12%,72,69,95.83%
0395,Benton Community School Corp,0445,Benton Central Jr-Sr High School,,,,***,***,***,,,,11,11,100.00%,***,***,***,,,,120,115,95.83%,80,79,98.75%,54,50,92.59%,103,102,99.03%,31,27,87.10%,133,128,96.24%,***,***,***,71,68,95.77%,64,62,96.88%,135,130,96.30%
0515,Blackford County Schools,0489,Blackford High School,,,,,,,***,***,***,***,***,***,***,***,***,,,,123,115,93.50%,68,62,91.18%,61,58,95.08%,114,109,95.61%,15,11,73.33%,127,118,92.91%,***,***,***,48,48,100.00%,81,72,88.89%,129,120,93.02%
0615,Western Boone Co Com Sch Dist,0539,Western Boone Jr-Sr High School,***,***,***,,,,,,,***,***,***,***,***,***,,,,124,120,96.77%,97,95,97.94%,31,29,93.55%,107,107,100.00%,21,17,80.95%,128,124,96.88%,,,,62,62,100.00%,69,65,94.20%,131,127,96.95%
0630,Zionsville Community Schools,0512,Zionsville Community High School,***,***,***,17,15,88.24%,10,9,90.00%,16,16,100.00%,15,15,100.00%,,,,438,427,97.49%,469,458,97.65%,26,23,88.46%,439,433,98.63%,56,48,85.71%,492,480,97.56%,***,***,***,242,237,97.93%,255,246,96.47%,497,483,97.18%
0665,Lebanon Community School Corp,0553,Lebanon Senior High School,,,,***,***,***,***,***,***,12,11,91.67%,***,***,***,,,,203,190,93.60%,156,149,95.51%,67,63,94.03%,187,184,98.40%,36,28,77.78%,223,212,95.07%,,,,110,104,94.55%,117,109,93.16%,227,213,93.83%
0670,Brown County School Corporation,0573,Brown County High School,***,***,***,***,***,***,,,,***,***,***,***,***,***,,,,149,145,97.32%,92,91,98.91%,67,65,97.01%,138,136,98.55%,21,20,95.24%,158,155,98.10%,***,***,***,83,81,97.59%,78,76,97.44%,161,157,97.52%
0750,Carroll Consolidated School Corp,0621,Carroll Senior High School,***,***,***,,,,***,***,***,***,***,***,***,***,***,,,,83,79,95.18%,61,61,100.00%,28,25,89.29%,82,80,97.56%,***,***,***,89,86,96.63%,,,,47,45,95.74%,44,41,93.18%,91,86,94.51%
0755,Delphi Community School Corp,0637,Delphi Community High School,***,***,***,,,,,,,***,***,***,,,,,,,93,81,87.10%,58,56,96.55%,39,29,74.36%,90,78,86.67%,***,***,***,99,85,85.86%,,,,54,48,88.89%,45,37,82.22%,99,85,85.86%
0775,Pioneer Regional School Corp,0645,Pioneer Jr-Sr High School,***,***,***,***,***,***,,,,***,***,***,,,,,,,70,70,100.00%,43,43,100.00%,31,31,100.00%,71,71,100.00%,***,***,***,73,73,100.00%,***,***,***,33,33,100.00%,41,41,100.00%,74,74,100.00%
0815,Lewis Cass Schools,0689,Lewis Cass High School,,,,,,,***,***,***,***,***,***,,,,,,,95,92,96.84%,79,76,96.20%,22,21,95.45%,89,88,98.88%,12,9,75.00%,101,97,96.04%,,,,46,45,97.83%,55,52,94.55%,101,97,96.04%
0875,Logansport Community Sch Corp,0701,Logansport Community High School,,,,***,***,***,***,***,***,88,86,97.73%,***,***,***,,,,162,156,96.30%,144,139,96.53%,122,119,97.54%,252,247,98.02%,14,11,78.57%,248,241,97.18%,18,17,94.44%,130,126,96.92%,138,134,97.10%,268,260,97.01%
0940,West Clark Community Schools,0765,Henryville Jr & Sr High School,***,***,***,,,,***,***,***,***,***,***,***,***,***,,,,89,83,93.26%,64,62,96.88%,30,26,86.67%,85,81,95.29%,10,7,70.00%,95,88,92.63%,,,,44,42,95.45%,52,46,88.46%,96,88,91.67%
0940,West Clark Community Schools,0777,Silver Creek High School,***,***,***,***,***,***,***,***,***,***,***,***,***,***,***,***,***,***,200,187,93.50%,172,165,95.93%,44,38,86.36%,194,185,95.36%,22,18,81.82%,216,203,93.98%,,,,104,98,94.23%,115,107,93.04%,219,205,93.61%
0940,West Clark Community Schools,0813,William W Borden High School,,,,,,,,,,***,***,***,***,***,***,,,,47,46,97.87%,35,35,100.00%,14,13,92.86%,42,42,100.00%,***,***,***,49,48,97.96%,,,,24,24,100.00%,25,24,96.00%,49,48,97.96%
1000,Clarksville Community School Corp,0833,Clarksville Senior High School,,,,,,,10,10,100.00%,***,***,***,***,***,***,***,***,***,83,82,98.80%,47,47,100.00%,62,61,98.39%,92,92,100.00%,17,16,94.12%,108,107,99.07%,***,***,***,48,48,100.00%,61,60,98.36%,109,108,99.08%
1010,Greater Clark County Schools,0809,New Washington Middle/High School,,,,,,,,,,,,,***,***,***,,,,48,42,87.50%,25,24,96.00%,20,18,90.00%,42,38,90.48%,***,***,***,47,42,89.36%,,,,32,29,90.63%,18,14,77.78%,50,43,86.00%
1010,Greater Clark County Schools,0821,Charlestown Senior High School,,,,,,,***,***,***,16,16,100.00%,***,***,***,,,,152,149,98.03%,111,109,98.20%,68,66,97.06%,155,155,100.00%,25,21,84.00%,178,174,97.75%,***,***,***,83,83,100.00%,98,94,95.92%,181,177,97.79%
1010,Greater Clark County Schools,0849,Jeffersonville High School,,,,***,***,***,99,91,91.92%,47,44,93.62%,45,45,100.00%,***,***,***,291,284,97.59%,248,244,98.39%,237,224,94.51%,421,413,98.10%,65,55,84.62%,470,454,96.60%,16,14,87.50%,260,254,97.69%,231,219,94.81%,491,473,96.33%
1125,Clay Community Schools,0897,Clay City Jr-Sr High School,***,***,***,,,,,,,,,,,,,,,,55,53,96.36%,35,34,97.14%,21,20,95.24%,51,50,98.04%,***,***,***,56,54,96.43%,,,,35,34,97.14%,21,20,95.24%,56,54,96.43%
1125,Clay Community Schools,0933,Northview High School,***,***,***,***,***,***,***,***,***,***,***,***,***,***,***,,,,187,172,91.98%,104,102,98.08%,92,79,85.87%,160,154,96.25%,36,27,75.00%,196,181,92.35%,,,,113,105,92.92%,83,76,91.57%,196,181,92.35%
1150,Clinton Central School Corporation,0957,Clinton Central Junior-Senior HS,***,***,***,,,,,,,,,,,,,,,,56,52,92.86%,34,34,100.00%,19,18,94.74%,46,45,97.83%,***,***,***,54,52,96.30%,,,,23,22,95.65%,34,31,91.18%,57,53,92.98%
1160,Clinton Prairie School Corporation,0977,Clinton Prairie Jr-Sr High School,,,,,,,,,,***,***,***,***,***,***,,,,65,62,95.38%,41,40,97.56%,27,25,92.59%,58,57,98.28%,10,8,80.00%,68,65,95.59%,,,,34,32,94.12%,35,33,94.29%,69,65,94.20%
1170,Community Schools of Frankfort,0997,Frankfort High School,,,,,,,***,***,***,104,93,89.42%,***,***,***,,,,117,102,87.18%,86,82,95.35%,135,120,88.89%,203,192,94.58%,20,10,50.00%,206,191,92.72%,17,11,64.71%,106,102,96.23%,123,100,81.30%,229,202,88.21%
1180,Rossville Con School District,1021,Rossville Middle/Senior High Sch,,,,***,***,***,***,***,***,,,,***,***,***,,,,65,56,86.15%,51,47,92.16%,17,13,76.47%,61,54,88.52%,***,***,***,68,60,88.24%,***,***,***,40,37,92.50%,31,23,74.19%,71,60,84.51%
1300,Crawford County Community Sch Corp,1059,Crawford County High School,,,,,,,,,,***,***,***,,,,,,,107,98,91.59%,54,54,100.00%,53,46,86.79%,98,95,96.94%,***,***,***,107,100,93.46%,,,,41,40,97.56%,68,60,88.24%,109,100,91.74%
1315,Barr-Reeve Community Schools Inc,1069,Barr Reeve Middle/High School,,,,,,,***,***,***,,,,,,,,,,41,41,100.00%,31,31,100.00%,11,11,100.00%,40,40,100.00%,***,***,***,42,42,100.00%,,,,23,23,100.00%,20,20,100.00%,43,43,100.00%
1375,North Daviess Com Schools,1121,North Daviess Jr-Sr High School,,,,,,,,,,***,***,***,,,,,,,74,72,97.30%,40,40,100.00%,35,33,94.29%,63,63,100.00%,12,10,83.33%,75,73,97.33%,,,,42,41,97.62%,33,32,96.97%,75,73,97.33%
1405,Washington Community Schools,1125,Washington High School,,,,***,***,***,***,***,***,22,18,81.82%,***,***,***,,,,139,126,90.65%,86,79,91.86%,82,74,90.24%,147,138,93.88%,23,15,65.22%,166,150,90.36%,***,***,***,86,80,93.02%,87,74,85.06%,173,154,89.02%
1560,Sunman-Dearborn Com Sch Corp,7213,East Central High School,,,,,,,,,,***,***,***,10,10,100.00%,***,***,***,289,279,96.54%,252,246,97.62%,48,43,89.58%,269,267,99.26%,31,22,70.97%,299,289,96.66%,***,***,***,154,153,99.35%,147,137,93.20%,301,290,96.35%
1600,South Dearborn Community Sch Corp,1179,South Dearborn High School,***,***,***,***,***,***,,,,,,,***,***,***,,,,182,165,90.66%,107,104,97.20%,70,62,88.57%,147,143,97.28%,30,23,76.67%,176,165,93.75%,***,***,***,95,94,98.95%,93,77,82.80%,188,171,90.96%
1620,Lawrenceburg Community School Corp,1177,Lawrenceburg High School,,,,,,,,,,***,***,***,***,***,***,***,***,***,149,136,91.28%,114,111,97.37%,45,37,82.22%,137,131,95.62%,22,17,77.27%,159,148,93.08%,,,,75,72,96.00%,87,77,88.51%,162,149,91.98%
1655,Decatur County Community Schools,1263,South Decatur Jr-Sr High School,,,,,,,,,,,,,***,***,***,,,,71,65,91.55%,46,43,93.48%,22,22,100.00%,60,57,95.00%,10,8,80.00%,70,65,92.86%,,,,29,29,100.00%,43,37,86.05%,72,66,91.67%
1655,Decatur County Community Schools,1267,North Decatur Jr-Sr High School,,,,,,,,,,***,***,***,***,***,***,,,,75,72,96.00%,50,48,96.00%,27,26,96.30%,67,65,97.01%,10,9,90.00%,77,74,96.10%,,,,40,38,95.00%,38,37,97.37%,78,75,96.15%
1730,Greensburg Community Schools,1268,Greensburg Community High School,,,,***,***,***,,,,***,***,***,***,***,***,,,,136,134,98.53%,94,93,98.94%,53,51,96.23%,132,132,100.00%,15,12,80.00%,146,143,97.95%,***,***,***,74,74,100.00%,73,70,95.89%,147,144,97.96%
1805,DeKalb Co Eastern Com Sch Dist,1317,Eastside Junior-Senior High School,,,,***,***,***,***,***,***,***,***,***,***,***,***,***,***,***,83,77,92.77%,66,63,95.45%,29,28,96.55%,82,80,97.56%,14,12,85.71%,96,92,95.83%,,,,38,36,94.74%,60,56,93.33%,98,92,93.88%
1820,Garrett-Keyser-Butler Com Sch Corp,1325,Garrett High School,,,,,,,,,,***,***,***,,,,***,***,***,136,124,91.18%,85,82,96.47%,60,52,86.67%,123,116,94.31%,22,18,81.82%,143,132,92.31%,***,***,***,73,70,95.89%,74,64,86.49%,147,134,91.16%
1835,DeKalb Co Ctl United Sch Dist,1345,DeKalb High School,,,,***,***,***,,,,***,***,***,***,***,***,,,,259,229,88.42%,194,185,95.36%,78,59,75.64%,235,219,93.19%,37,25,67.57%,271,243,89.67%,***,***,***,120,113,94.17%,156,131,83.97%,276,244,88.41%
1875,Delaware Community School Corp,1369,Delta High School,***,***,***,***,***,***,***,***,***,***,***,***,***,***,***,,,,192,168,87.50%,128,120,93.75%,73,61,83.56%,170,156,91.76%,33,25,75.76%,203,181,89.16%,,,,100,92,92.00%,106,89,83.96%,206,181,87.86%
1885,Wes-Del Community Schools,1372,Wes-Del Middle/Senior High School,,,,,,,,,,***,***,***,***,***,***,,,,67,65,97.01%,43,43,100.00%,30,27,90.00%,67,66,98.51%,***,***,***,73,70,95.89%,,,,31,29,93.55%,43,42,97.67%,74,71,95.95%
1895,Liberty-Perry Community Sch Corp,1375,Wapahani High School,***,***,***,,,,,,,***,***,***,***,***,***,,,,91,86,94.51%,63,60,95.24%,30,27,90.00%,82,76,92.68%,11,11,100.00%,93,87,93.55%,,,,50,46,92.00%,45,42,93.33%,95,88,92.63%
1900,Cowan Community School Corp,1386,Cowan High School,,,,,,,***,***,***,,,,,,,,,,56,55,98.21%,45,44,97.78%,13,13,100.00%,49,49,100.00%,***,***,***,58,57,98.28%,,,,35,35,100.00%,23,22,95.65%,58,57,98.28%
1910,Yorktown Community Schools,1389,Yorktown High School,***,***,***,***,***,***,***,***,***,***,***,***,***,***,***,,,,158,155,98.10%,137,136,99.27%,43,41,95.35%,167,167,100.00%,13,10,76.92%,180,177,98.33%,,,,88,87,98.86%,92,90,97.83%,180,177,98.33%
1940,Daleville Community Schools,1401,Daleville Jr-Sr High School,,,,***,***,***,,,,***,***,***,***,***,***,,,,60,57,95.00%,44,43,97.73%,20,18,90.00%,57,56,98.25%,***,***,***,63,60,95.24%,***,***,***,34,31,91.18%,31,30,96.77%,65,61,93.85%
1970,Muncie Community Schools,1421,Muncie Central High School,***,***,***,,,,59,56,94.92%,11,11,100.00%,24,24,100.00%,,,,193,179,92.75%,98,94,95.92%,185,175,94.59%,245,243,99.18%,39,26,66.67%,281,266,94.66%,***,***,***,126,119,94.44%,162,152,93.83%,288,271,94.10%
2040,Northeast Dubois Co Sch Corp,1545,Northeast Dubois High School,,,,***,***,***,,,,***,***,***,,,,,,,70,69,98.57%,64,64,100.00%,10,9,90.00%,58,58,100.00%,16,15,93.75%,74,73,98.65%,,,,35,34,97.14%,39,39,100.00%,74,73,98.65%
2100,Southeast Dubois Co Sch Corp,1583,Forest Park Jr-Sr High School,***,***,***,,,,,,,***,***,***,***,***,***,,,,94,89,94.68%,77,75,97.40%,18,17,94.44%,85,82,96.47%,10,10,100.00%,95,92,96.84%,,,,43,42,97.67%,54,50,92.59%,97,92,94.85%
2110,Southwest Dubois Co Sch Corp,1588,Southridge High School,,,,***,***,***,,,,31,26,83.87%,,,,,,,91,88,96.70%,72,69,95.83%,51,46,90.20%,111,108,97.30%,12,7,58.33%,110,107,97.27%,13,8,61.54%,60,59,98.33%,63,56,88.89%,123,115,93.50%
2120,Greater Jasper Consolidated Schs,1593,Jasper High School,***,***,***,***,***,***,***,***,***,27,23,85.19%,***,***,***,***,***,***,221,207,93.67%,192,184,95.83%,66,58,87.88%,238,229,96.22%,21,13,61.90%,254,237,93.31%,***,***,***,129,124,96.12%,132,118,89.39%,261,242,92.72%
2155,Fairfield Community Schools,1613,Fairfield Jr-Sr High School,***,***,***,***,***,***,***,***,***,12,12,100.00%,***,***,***,,,,119,113,94.96%,108,106,98.15%,28,23,82.14%,116,114,98.28%,20,15,75.00%,133,127,95.49%,***,***,***,67,64,95.52%,69,65,94.20%,136,129,94.85%
2260,Baugo Community Schools,1701,Jimtown High School,,,,,,,***,***,***,***,***,***,***,***,***,,,,109,100,91.74%,81,77,95.06%,46,37,80.43%,114,103,90.35%,13,11,84.62%,125,112,89.60%,***,***,***,65,63,96.92%,62,51,82.26%,127,114,89.76%
2270,Concord Community Schools,1715,Concord Community High School,,,,***,***,***,35,26,74.29%,96,83,86.46%,21,15,71.43%,,,,224,212,94.64%,219,202,92.24%,155,138,89.03%,337,311,92.28%,37,29,78.38%,356,329,92.42%,18,11,61.11%,177,161,90.96%,203,179,88.18%,380,340,89.47%
2275,Middlebury Community Schools,1733,Northridge High School,***,***,***,***,***,***,***,***,***,34,31,91.18%,***,***,***,,,,304,278,91.45%,265,252,95.09%,74,63,85.14%,313,292,93.29%,29,23,79.31%,337,311,92.28%,***,***,***,169,157,92.90%,183,163,89.07%,352,320,90.91%
2285,Wa-Nee Community Schools,1737,North Wood High School,,,,***,***,***,***,***,***,16,16,100.00%,***,***,***,,,,181,170,93.92%,149,147,98.66%,57,51,89.47%,193,188,97.41%,14,10,71.43%,207,198,95.65%,,,,99,95,95.96%,112,105,93.75%,211,200,94.79%
2305,Elkhart Community Schools,1749,Elkhart Central High School,***,***,***,***,***,***,40,36,90.00%,147,135,91.84%,25,23,92.00%,,,,167,161,96.41%,190,185,97.37%,190,173,91.05%,338,326,96.45%,43,33,76.74%,345,332,96.23%,36,27,75.00%,194,182,93.81%,192,180,93.75%,386,362,93.78%
2305,Elkhart Community Schools,1750,Elkhart Memorial High School,,,,***,***,***,74,64,86.49%,102,98,96.08%,28,28,100.00%,,,,217,214,98.62%,181,178,98.34%,237,223,94.09%,365,359,98.36%,54,43,79.63%,400,387,96.75%,19,15,78.95%,223,216,96.86%,204,194,95.10%,427,410,96.02%
2315,Goshen Community Schools,1821,Goshen High School,***,***,***,***,***,***,14,10,71.43%,223,180,80.72%,15,11,73.33%,,,,208,174,83.65%,202,180,89.11%,248,200,80.65%,390,345,88.46%,63,36,57.14%,416,366,87.98%,37,15,40.54%,220,186,84.55%,247,196,79.35%,467,382,81.80%
2395,Fayette County School Corporation,1889,Connersville Sr High School,,,,,,,***,***,***,***,***,***,***,***,***,,,,214,195,91.12%,111,108,97.30%,99,85,85.86%,197,185,93.91%,13,8,61.54%,210,193,91.90%,,,,114,105,92.11%,110,100,90.91%,224,205,91.52%
2400,New Albany-Floyd Co Con Sch,1925,New Albany Senior High School,***,***,***,***,***,***,67,55,82.09%,27,23,85.19%,39,33,84.62%,,,,317,287,90.54%,212,201,94.81%,226,200,88.50%,370,347,93.78%,70,56,80.00%,430,393,91.40%,10,10,100.00%,222,200,90.09%,237,206,86.92%,459,406,88.45%
2400,New Albany-Floyd Co Con Sch,1930,Floyd Central High School,,,,***,***,***,***,***,***,***,***,***,***,***,***,***,***,***,389,380,97.69%,366,359,98.09%,49,46,93.88%,360,360,100.00%,56,46,82.14%,416,406,97.60%,,,,215,214,99.53%,202,193,95.54%,417,407,97.60%
2435,Attica Consolidated School Corp,2053,Attica High School,,,,,,,,,,,,,***,***,***,,,,40,37,92.50%,25,23,92.00%,17,16,94.12%,35,32,91.43%,***,***,***,42,39,92.86%,,,,25,24,96.00%,17,15,88.24%,42,39,92.86%
2440,Covington Community School Corp,2005,Covington Community High School,,,,***,***,***,,,,***,***,***,***,***,***,,,,72,67,93.06%,48,47,97.92%,29,24,82.76%,69,66,95.65%,***,***,***,76,70,92.11%,***,***,***,31,30,96.77%,46,41,89.13%,77,71,92.21%
2455,Southeast Fountain School Corp,2022,Fountain Central High School,***,***,***,,,,,,,***,***,***,***,***,***,,,,86,73,84.88%,55,51,92.73%,37,32,86.49%,83,76,91.57%,***,***,***,91,82,90.11%,***,***,***,52,46,88.46%,44,37,84.09%,96,83,86.46%
2475,Franklin County Community Sch Corp,2083,Franklin County High,,,,***,***,***,,,,***,***,***,***,***,***,,,,196,192,97.96%,127,123,96.85%,70,69,98.57%,178,177,99.44%,20,16,80.00%,198,193,97.47%,,,,107,106,99.07%,92,88,95.65%,199,194,97.49%
2645,Rochester Community School Corp,2173,Rochester Community High School,***,***,***,***,***,***,,,,***,***,***,***,***,***,***,***,***,121,116,95.87%,86,84,97.67%,51,49,96.08%,115,114,99.13%,22,19,86.36%,137,133,97.08%,,,,69,68,98.55%,72,66,91.67%,141,134,95.04%
2650,Caston School Corporation,2159,Caston Jr-Sr High School,,,,,,,,,,***,***,***,***,***,***,,,,56,52,92.86%,40,39,97.50%,18,15,83.33%,52,49,94.23%,***,***,***,58,54,93.10%,,,,31,29,93.55%,28,25,89.29%,59,54,91.53%
2725,East Gibson School Corporation,2233,Waldo J Wood Memorial High,,,,,,,,,,***,***,***,,,,,,,53,48,90.57%,40,36,90.00%,13,12,92.31%,45,43,95.56%,***,***,***,53,48,90.57%,,,,21,20,95.24%,33,29,87.88%,54,49,90.74%
2735,North Gibson School Corporation,2249,Princeton Community High School,,,,***,***,***,***,***,***,***,***,***,10,9,90.00%,,,,117,106,90.60%,76,72,94.74%,61,52,85.25%,107,104,97.20%,30,20,66.67%,137,124,90.51%,,,,65,62,95.38%,73,63,86.30%,138,125,90.58%
2765,South Gibson School Corporation,2211,Gibson Southern High School,,,,,,,***,***,***,***,***,***,***,***,***,,,,141,136,96.45%,124,120,96.77%,22,20,90.91%,129,124,96.12%,17,16,94.12%,145,140,96.55%,***,***,***,68,64,94.12%,78,76,97.44%,146,140,95.89%
2815,Eastbrook Community Sch Corp,2293,Eastbrook High School,,,,,,,,,,***,***,***,***,***,***,,,,121,116,95.87%,95,92,96.84%,27,25,92.59%,114,110,96.49%,***,***,***,122,117,95.90%,,,,57,54,94.74%,69,67,97.10%,126,121,96.03%
2825,Madison-Grant United School Corp,2321,Madison-Grant Jr./Sr. High School,,,,***,***,***,***,***,***,***,***,***,***,***,***,,,,89,85,95.51%,54,51,94.44%,45,42,93.33%,84,79,94.05%,15,14,93.33%,98,93,94.90%,***,***,***,50,48,96.00%,49,45,91.84%,99,93,93.94%
2855,Mississinewa Community School Corp,2333,Mississinewa High School,,,,,,,***,***,***,***,***,***,***,***,***,,,,173,168,97.11%,109,107,98.17%,81,77,95.06%,174,170,97.70%,16,14,87.50%,190,184,96.84%,,,,91,89,97.80%,99,95,95.96%,190,184,96.84%
2865,Marion Community Schools,2351,Marion High School,,,,***,***,***,61,61,100.00%,25,23,92.00%,26,26,100.00%,,,,128,121,94.53%,99,95,95.96%,144,140,97.22%,205,202,98.54%,38,33,86.84%,240,232,96.67%,***,***,***,124,121,97.58%,120,114,95.00%,244,235,96.31%
2920,Bloomfield School District,2419,Bloomfield Jr-Sr High School,,,,,,,,,,,,,***,***,***,,,,43,39,90.70%,35,32,91.43%,***,***,***,38,38,100.00%,***,***,***,44,40,90.91%,,,,16,16,100.00%,28,24,85.71%,44,40,90.91%
2940,Eastern Greene Schools,2435,Eastern Greene High School,,,,,,,,,,***,***,***,***,***,***,,,,91,74,81.32%,56,49,87.50%,38,30,78.95%,86,70,81.40%,10,9,90.00%,95,79,83.16%,***,***,***,40,35,87.50%,58,44,75.86%,98,79,80.61%
2950,Linton-Stockton School Corporation,2437,Linton-Stockton High School,,,,,,,,,,***,***,***,***,***,***,,,,82,81,98.78%,55,55,100.00%,33,32,96.97%,84,83,98.81%,***,***,***,88,87,98.86%,,,,44,44,100.00%,44,43,97.73%,88,87,98.86%
2960,M S D Shakamak Schools,2445,Shakamak Jr-Sr High School,,,,,,,,,,,,,,,,,,,44,41,93.18%,22,22,100.00%,22,19,86.36%,40,39,97.50%,***,***,***,44,41,93.18%,,,,28,28,100.00%,16,13,81.25%,44,41,93.18%
2980,White River Valley School District,2429,White River Valley High School,,,,,,,,,,***,***,***,,,,,,,62,62,100.00%,32,32,100.00%,32,32,100.00%,55,55,100.00%,***,***,***,63,63,100.00%,***,***,***,26,26,100.00%,38,38,100.00%,64,64,100.00%
3005,Hamilton Southeastern Schools,2487,Fishers High School,***,***,***,57,57,100.00%,56,55,98.21%,44,41,93.18%,50,48,96.00%,,,,623,607,97.43%,695,683,98.27%,132,125,94.70%,746,738,98.93%,82,70,85.37%,821,802,97.69%,***,***,***,449,440,98.00%,382,369,96.60%,831,809,97.35%
3005,Hamilton Southeastern Schools,2499,Hamilton Southeastern HS,***,***,***,58,56,96.55%,55,50,90.91%,47,44,93.62%,42,42,100.00%,,,,569,555,97.54%,675,665,98.52%,92,81,88.04%,713,706,99.02%,54,40,74.07%,760,740,97.37%,***,***,***,381,376,98.69%,391,372,95.14%,772,748,96.89%
3025,Hamilton Heights School Corp,2477,Hamilton Heights High School,,,,,,,***,***,***,***,***,***,,,,,,,170,155,91.18%,128,123,96.09%,45,37,82.22%,141,138,97.87%,32,22,68.75%,171,158,92.40%,***,***,***,81,79,97.53%,96,82,85.42%,177,161,90.96%
3030,Westfield-Washington Schools,2493,Westfield High School,,,,12,11,91.67%,16,15,93.75%,48,47,97.92%,20,19,95.00%,,,,456,438,96.05%,473,459,97.04%,77,71,92.21%,476,471,98.95%,74,59,79.73%,538,521,96.84%,12,9,75.00%,272,265,97.43%,280,265,94.64%,552,530,96.01%
3055,Sheridan Community Schools,2463,Sheridan High School,,,,,,,***,***,***,***,***,***,***,***,***,,,,79,75,94.94%,63,61,96.83%,20,18,90.00%,69,66,95.65%,14,13,92.86%,83,79,95.18%,,,,39,38,97.44%,44,41,93.18%,83,79,95.18%
3060,Carmel Clay Schools,2505,Carmel High School,***,***,***,139,138,99.28%,50,44,88.00%,38,36,94.74%,56,54,96.43%,***,***,***,861,836,97.10%,1030,1005,97.57%,113,103,91.15%,1069,1052,98.41%,76,58,76.32%,1136,1103,97.10%,***,***,***,591,572,96.79%,559,542,96.96%,1150,1114,96.87%
3070,Noblesville Schools,2517,Noblesville High School,***,***,***,16,16,100.00%,27,26,96.30%,41,37,90.24%,19,19,100.00%,***,***,***,577,558,96.71%,558,544,97.49%,117,113,96.58%,595,587,98.66%,82,70,85.37%,673,653,97.03%,***,***,***,327,316,96.64%,355,341,96.06%,682,657,96.33%
3115,Southern Hancock Co Com Sch Corp,2565,New Palestine High School,,,,***,***,***,,,,***,***,***,***,***,***,,,,258,248,96.12%,221,216,97.74%,54,49,90.74%,232,229,98.71%,43,36,83.72%,275,265,96.36%,,,,138,134,97.10%,137,131,95.62%,275,265,96.36%
3125,Greenfield-Central Com Schools,2595,Greenfield-Central High School,***,***,***,***,***,***,***,***,***,10,9,90.00%,10,8,80.00%,,,,345,317,91.88%,276,261,94.57%,86,77,89.53%,320,301,94.06%,46,38,82.61%,365,338,92.60%,***,***,***,169,161,95.27%,203,180,88.67%,372,341,91.67%
3135,Mt Vernon Community School Corp,2569,Mt Vernon High School,***,***,***,***,***,***,24,24,100.00%,***,***,***,11,11,100.00%,,,,261,248,95.02%,244,239,97.95%,62,58,93.55%,256,251,98.05%,50,46,92.00%,306,297,97.06%,,,,162,158,97.53%,148,139,93.92%,310,297,95.81%
3145,Eastern Hancock Co Com Sch Corp,2585,Eastern Hancock High School,,,,,,,,,,,,,,,,,,,115,106,92.17%,84,79,94.05%,29,27,93.10%,91,88,96.70%,22,18,81.82%,113,106,93.81%,,,,48,46,95.83%,67,60,89.55%,115,106,92.17%
3160,Lanesville Community School Corp,2613,Lanesville Jr-Sr HS,,,,***,***,***,,,,***,***,***,***,***,***,,,,62,58,93.55%,51,51,100.00%,14,10,71.43%,55,55,100.00%,10,6,60.00%,65,61,93.85%,,,,35,33,94.29%,30,28,93.33%,65,61,93.85%
3180,North Harrison Com School Corp,2629,North Harrison High School,,,,***,***,***,,,,***,***,***,***,***,***,,,,186,164,88.17%,116,105,90.52%,73,66,90.41%,160,144,90.00%,32,27,84.38%,192,171,89.06%,,,,87,76,87.36%,109,95,87.16%,196,171,87.24%
3190,South Harrison Com Schools,2640,Corydon Central High School,***,***,***,***,***,***,,,,***,***,***,***,***,***,,,,157,145,92.36%,107,104,97.20%,67,59,88.06%,149,143,95.97%,26,21,80.77%,174,163,93.68%,***,***,***,85,82,96.47%,92,83,90.22%,177,165,93.22%
3190,South Harrison Com Schools,2670,South Central Jr & Sr High School,,,,,,,,,,,,,***,***,***,,,,47,45,95.74%,34,33,97.06%,14,13,92.86%,41,41,100.00%,***,***,***,48,46,95.83%,,,,28,26,92.86%,20,20,100.00%,48,46,95.83%
3295,North West Hendricks Schools,2731,Tri-West Senior High School,,,,,,,***,***,***,***,***,***,***,***,***,,,,147,146,99.32%,139,139,100.00%,15,14,93.33%,146,146,100.00%,***,***,***,154,153,99.35%,,,,72,72,100.00%,82,81,98.78%,154,153,99.35%
3305,Brownsburg Community School Corp,2709,Brownsburg High School,,,,19,19,100.00%,68,66,97.06%,31,31,100.00%,32,31,96.88%,,,,459,440,95.86%,451,441,97.78%,149,145,97.32%,540,532,98.52%,62,54,87.10%,597,581,97.32%,***,***,***,296,285,96.28%,313,302,96.49%,609,587,96.39%
3315,Avon Community School Corp,2737,Avon High School,***,***,***,34,33,97.06%,72,69,95.83%,70,69,98.57%,35,34,97.14%,,,,499,485,97.19%,535,522,97.57%,168,164,97.62%,644,640,99.38%,60,46,76.67%,692,676,97.69%,12,10,83.33%,348,338,97.13%,363,353,97.25%,711,691,97.19%
3325,Danville Community School Corp,2741,Danville Community High School,***,***,***,***,***,***,***,***,***,***,***,***,***,***,***,***,***,***,162,149,91.98%,134,125,93.28%,41,36,87.80%,162,153,94.44%,13,8,61.54%,172,159,92.44%,***,***,***,86,83,96.51%,90,79,87.78%,176,162,92.05%
3330,Plainfield Community School Corp,2749,Plainfield High School,***,***,***,10,10,100.00%,12,10,83.33%,12,11,91.67%,***,***,***,,,,357,329,92.16%,300,284,94.67%,86,79,91.86%,352,330,93.75%,36,33,91.67%,387,362,93.54%,***,***,***,186,179,96.24%,212,188,88.68%,398,367,92.21%
3335,Mill Creek Community Sch Corp,2692,Cascade Senior High School,,,,***,***,***,,,,,,,***,***,***,,,,114,110,96.49%,95,95,100.00%,24,20,83.33%,108,106,98.15%,11,9,81.82%,119,115,96.64%,,,,56,53,94.64%,64,62,96.88%,120,115,95.83%
3405,Blue River Valley Schools,2801,Blue River Valley Jr-Sr High Sch,,,,***,***,***,,,,,,,,,,,,,48,43,89.58%,33,31,93.94%,15,12,80.00%,43,40,93.02%,***,***,***,48,43,89.58%,,,,24,22,91.67%,25,21,84.00%,49,43,87.76%
3415,South Henry School Corp,2773,Tri Junior-Senior High School,,,,,,,,,,,,,***,***,***,,,,70,66,94.29%,46,43,93.48%,27,26,96.30%,66,65,98.48%,***,***,***,73,69,94.52%,,,,31,29,93.55%,42,40,95.24%,73,69,94.52%
3435,Shenandoah School Corporation,2817,Shenandoah High School,,,,,,,,,,,,,***,***,***,,,,89,81,91.01%,57,54,94.74%,34,30,88.24%,74,69,93.24%,17,15,88.24%,91,84,92.31%,,,,41,38,92.68%,51,46,90.20%,92,84,91.30%
3445,New Castle Community School Corp,2825,New Castle High School,***,***,***,***,***,***,***,***,***,***,***,***,***,***,***,,,,209,190,90.91%,124,120,96.77%,100,86,86.00%,187,175,93.58%,39,31,79.49%,226,206,91.15%,,,,116,103,88.79%,111,103,92.79%,227,206,90.75%
3455,C A Beard Memorial School Corp,2869,Knightstown High School,,,,***,***,***,,,,,,,***,***,***,,,,89,84,94.38%,63,63,100.00%,27,25,92.59%,78,76,97.44%,12,12,100.00%,90,88,97.78%,,,,37,36,97.30%,56,52,92.86%,93,88,94.62%
3460,Taylor Community School Corp,2894,Taylor High School,,,,***,***,***,***,***,***,10,10,100.00%,10,10,100.00%,,,,78,71,91.03%,60,56,93.33%,43,42,97.67%,84,82,97.62%,19,16,84.21%,103,98,95.15%,,,,54,52,96.30%,51,46,90.20%,105,98,93.33%
3470,Northwestern School Corp,2897,Northwestern Senior High School,,,,***,***,***,***,***,***,***,***,***,***,***,***,,,,108,106,98.15%,99,98,98.99%,22,21,95.45%,109,108,99.08%,12,11,91.67%,121,119,98.35%,,,,65,64,98.46%,56,55,98.21%,121,119,98.35%
3480,Eastern Howard School Corporation,2919,Eastern High School,,,,***,***,***,***,***,***,***,***,***,***,***,***,***,***,***,94,92,97.87%,79,77,97.47%,23,23,100.00%,91,90,98.90%,11,10,90.91%,102,100,98.04%,,,,55,54,98.18%,47,46,97.87%,102,100,98.04%
3490,Western School Corporation,2921,Western High School,,,,***,***,***,***,***,***,***,***,***,***,***,***,,,,173,165,95.38%,158,155,98.10%,34,30,88.24%,173,172,99.42%,20,13,65.00%,193,185,95.85%,,,,98,94,95.92%,96,91,94.79%,194,185,95.36%
3500,Kokomo School Corporation,3013,Kokomo High School,,,,32,31,96.88%,69,65,94.20%,14,14,100.00%,34,30,88.24%,,,,234,220,94.02%,192,181,94.27%,178,167,93.82%,300,287,95.67%,70,61,87.14%,357,335,93.84%,13,13,100.00%,188,180,95.74%,195,180,92.31%,383,360,93.99%
3625,Huntington Co Com Sch Corp,3065,Huntington North High School,***,***,***,,,,***,***,***,12,9,75.00%,***,***,***,,,,325,313,96.31%,251,244,97.21%,95,87,91.58%,306,298,97.39%,40,33,82.50%,345,330,95.65%,***,***,***,175,168,96.00%,175,166,94.86%,350,334,95.43%
3640,Medora Community School Corp,3093,Medora Jr & Sr High School,,,,,,,,,,,,,,,,,,,25,22,88.00%,***,***,***,18,17,94.44%,20,18,90.00%,***,***,***,24,22,91.67%,,,,15,14,93.33%,10,8,80.00%,25,22,88.00%
3675,Seymour Community Schools,3133,Seymour Senior High School,,,,***,***,***,***,***,***,46,35,76.09%,10,9,90.00%,,,,280,252,90.00%,208,198,95.19%,127,107,84.25%,293,271,92.49%,43,34,79.07%,318,293,92.14%,18,12,66.67%,172,160,93.02%,175,147,84.00%,347,307,88.47%
3695,Brownstown Cnt Com Sch Corp,3126,Brownstown Central High School,,,,***,***,***,,,,***,***,***,***,***,***,,,,125,121,96.80%,89,89,100.00%,40,36,90.00%,116,116,100.00%,13,9,69.23%,129,125,96.90%,,,,54,53,98.15%,76,73,96.05%,130,126,96.92%
3710,Crothersville Community Schools,3121,Crothersville Jr-Sr High School,,,,,,,,,,,,,,,,,,,26,24,92.31%,13,12,92.31%,13,12,92.31%,19,17,89.47%,***,***,***,26,24,92.31%,,,,14,12,85.71%,12,12,100.00%,26,24,92.31%
3785,Kankakee Valley School Corp,3181,Kankakee Valley High School,***,***,***,***,***,***,***,***,***,19,16,84.21%,***,***,***,,,,240,225,93.75%,185,181,97.84%,79,66,83.54%,224,217,96.88%,40,30,75.00%,264,247,93.56%,,,,130,125,96.15%,136,122,89.71%,266,247,92.86%
3815,Rensselaer Central School Corp,3201,Rensselaer Central High School,,,,,,,,,,***,***,***,,,,,,,115,110,95.65%,75,75,100.00%,47,43,91.49%,97,96,98.97%,25,22,88.00%,122,118,96.72%,,,,70,68,97.14%,53,50,94.34%,123,118,95.93%
3945,Jay School Corporation,3239,Jay County High School,,,,***,***,***,,,,13,10,76.92%,***,***,***,,,,252,221,87.70%,138,126,91.30%,133,112,84.21%,229,204,89.08%,42,34,80.95%,270,238,88.15%,***,***,***,138,121,87.68%,137,118,86.13%,275,239,86.91%
3995,Madison Consolidated Schools,3309,Madison Consolidated High School,***,***,***,***,***,***,***,***,***,11,8,72.73%,***,***,***,***,***,***,210,180,85.71%,138,132,95.65%,91,68,74.73%,202,181,89.60%,27,19,70.37%,227,199,87.67%,***,***,***,118,105,88.98%,119,99,83.19%,237,204,86.08%
4000,Southwestern-Jefferson Co Con,3337,Southwestern High School,,,,***,***,***,,,,***,***,***,,,,,,,87,76,87.36%,49,48,97.96%,40,31,77.50%,77,69,89.61%,13,10,76.92%,90,79,87.78%,,,,51,45,88.24%,39,34,87.18%,90,79,87.78%
4015,Jennings County School Corporation,3345,Jennings County High School,***,***,***,,,,***,***,***,***,***,***,***,***,***,,,,256,241,94.14%,151,147,97.35%,122,110,90.16%,236,229,97.03%,38,28,73.68%,274,257,93.80%,,,,150,143,95.33%,124,114,91.94%,274,257,93.80%
4145,Clark-Pleasant Community Sch Corp,3421,Whiteland Community High School,***,***,***,36,36,100.00%,14,13,92.86%,17,14,82.35%,10,7,70.00%,,,,373,342,91.69%,284,272,95.77%,160,139,86.88%,385,372,96.62%,62,41,66.13%,439,406,92.48%,***,***,***,212,202,95.28%,239,211,88.28%,451,413,91.57%
4205,Center Grove Community School Corp,3437,Center Grove High School,***,***,***,17,15,88.24%,14,14,100.00%,17,16,94.12%,19,19,100.00%,,,,544,518,95.22%,511,491,96.09%,98,89,90.82%,530,518,97.74%,79,62,78.48%,608,579,95.23%,***,***,***,312,302,96.79%,300,280,93.33%,612,582,95.10%
4215,Edinburgh Community School Corp,3447,Edinburgh Community High School,,,,***,***,***,,,,,,,***,***,***,,,,52,51,98.08%,30,30,100.00%,27,26,96.30%,52,51,98.08%,***,***,***,57,56,98.25%,,,,32,31,96.88%,25,25,100.00%,57,56,98.25%
4225,Franklin Community School Corp,3445,Franklin Community High School,,,,***,***,***,***,***,***,10,9,90.00%,***,***,***,,,,305,287,94.10%,243,233,95.88%,85,78,91.76%,288,282,97.92%,40,29,72.50%,328,311,94.82%,,,,162,156,96.30%,169,156,92.31%,331,312,94.26%
4245,Greenwood Community Sch Corp,3473,Greenwood Community High Sch,***,***,***,13,8,61.54%,***,***,***,21,19,90.48%,10,10,100.00%,***,***,***,264,235,89.02%,203,196,96.55%,97,82,84.54%,269,254,94.42%,32,24,75.00%,297,275,92.59%,***,***,***,165,144,87.27%,150,134,89.33%,315,278,88.25%
4255,Nineveh-Hensley-Jackson United,3419,Indian Creek Sr High School,,,,***,***,***,***,***,***,***,***,***,***,***,***,,,,168,157,93.45%,125,120,96.00%,47,41,87.23%,148,141,95.27%,24,20,83.33%,172,161,93.60%,,,,81,79,97.53%,92,83,90.22%,173,162,93.64%
4315,North Knox School Corp,3537,North Knox Jr-Sr High School,,,,,,,***,***,***,***,***,***,,,,,,,82,80,97.56%,47,47,100.00%,39,37,94.87%,82,80,97.56%,***,***,***,86,84,97.67%,,,,46,46,100.00%,40,38,95.00%,86,84,97.67%
4325,South Knox School Corp,3490,South Knox Middle-High School,,,,,,,***,***,***,,,,,,,,,,76,75,98.68%,52,51,98.08%,25,25,100.00%,67,66,98.51%,10,10,100.00%,77,76,98.70%,,,,39,39,100.00%,38,37,97.37%,77,76,98.70%
4335,Vincennes Community School Corp,3553,Lincoln High School,,,,***,***,***,***,***,***,***,***,***,***,***,***,,,,163,159,97.55%,101,101,100.00%,83,79,95.18%,159,159,100.00%,25,21,84.00%,182,178,97.80%,***,***,***,88,88,100.00%,96,92,95.83%,184,180,97.83%
4345,Wawasee Community School Corp,3639,Wawasee High School,***,***,***,,,,,,,18,16,88.89%,***,***,***,,,,185,171,92.43%,137,128,93.43%,68,62,91.18%,165,158,95.76%,40,32,80.00%,202,187,92.57%,***,***,***,99,94,94.95%,107,96,89.72%,206,190,92.23%
4415,Warsaw Community Schools,3647,Warsaw Community High School,,,,***,***,***,11,8,72.73%,108,100,92.59%,***,***,***,,,,391,364,93.09%,310,303,97.74%,195,176,90.26%,441,422,95.69%,67,58,86.57%,494,469,94.94%,14,11,78.57%,257,237,92.22%,263,243,92.40%,520,480,92.31%
4445,Tippecanoe Valley School Corp,3602,Tippecanoe Valley High School,***,***,***,,,,***,***,***,16,15,93.75%,***,***,***,,,,123,119,96.75%,77,75,97.40%,70,66,94.29%,122,121,99.18%,25,20,80.00%,145,139,95.86%,***,***,***,76,76,100.00%,71,65,91.55%,147,141,95.92%
4455,Whitko Community School Corp,9191,Whitko Jr/Sr High School,,,,,,,***,***,***,***,***,***,,,,,,,108,91,84.26%,82,74,90.24%,30,20,66.67%,92,79,85.87%,20,15,75.00%,110,92,83.64%,***,***,***,51,44,86.27%,61,50,81.97%,112,94,83.93%
4515,Prairie Heights Community Sch Corp,3690,Prairie Heights Sr High School,***,***,***,,,,,,,***,***,***,***,***,***,,,,87,82,94.25%,71,68,95.77%,26,24,92.31%,82,81,98.78%,15,11,73.33%,96,91,94.79%,***,***,***,37,35,94.59%,60,57,95.00%,97,92,94.85%
4525,Westview School Corporation,3697,Westview Jr-Sr High School,,,,***,***,***,***,***,***,***,***,***,***,***,***,,,,100,96,96.00%,86,84,97.67%,24,23,95.83%,96,94,97.92%,15,13,86.67%,109,106,97.25%,***,***,***,57,55,96.49%,55,53,96.36%,112,108,96.43%
4535,Lakeland School Corporation,3730,Lakeland High School,***,***,***,,,,,,,21,20,95.24%,,,,,,,115,107,93.04%,90,87,96.67%,44,40,90.91%,117,113,96.58%,17,14,82.35%,134,127,94.78%,,,,72,67,93.06%,66,61,92.42%,138,128,92.75%
4580,Hanover Community School Corp,3785,Hanover Central High School,,,,***,***,***,***,***,***,22,20,90.91%,***,***,***,,,,149,142,95.30%,141,135,95.74%,33,30,90.91%,157,152,96.82%,17,13,76.47%,174,165,94.83%,,,,77,75,97.40%,98,91,92.86%,175,166,94.86%
4590,River Forest Community Sch Corp,3791,River Forest High School,,,,,,,10,8,80.00%,50,46,92.00%,***,***,***,,,,49,35,71.43%,45,31,68.89%,69,62,89.86%,94,78,82.98%,20,15,75.00%,111,90,81.08%,***,***,***,53,44,83.02%,62,49,79.03%,115,93,80.87%
4600,Merrillville Community School Corp,3809,Merrillville High School,***,***,***,***,***,***,358,318,88.83%,84,74,88.10%,27,24,88.89%,,,,64,54,84.38%,217,202,93.09%,301,270,89.70%,453,429,94.70%,67,43,64.18%,517,469,90.72%,***,***,***,264,244,92.42%,274,231,84.31%,538,475,88.29%
4615,Lake Central School Corporation,3833,Lake Central High School,***,***,***,25,21,84.00%,42,39,92.86%,110,100,90.91%,20,17,85.00%,,,,585,557,95.21%,638,612,95.92%,140,123,87.86%,700,679,97.00%,79,56,70.89%,772,730,94.56%,***,***,***,390,373,95.64%,393,362,92.11%,783,735,93.87%
4645,Tri-Creek School Corporation,3865,Lowell Senior High School,***,***,***,***,***,***,***,***,***,31,30,96.77%,***,***,***,,,,256,252,98.44%,225,224,99.56%,75,71,94.67%,275,273,99.27%,25,22,88.00%,299,295,98.66%,***,***,***,149,145,97.32%,152,151,99.34%,301,296,98.34%
4650,Lake Ridge New Tech Schools,3869,Calumet New Tech High School,,,,,,,58,58,100.00%,39,39,100.00%,***,***,***,,,,59,55,93.22%,18,17,94.44%,140,139,99.29%,141,139,98.58%,18,17,94.44%,157,154,98.09%,***,***,***,76,75,98.68%,85,82,96.47%,161,157,97.52%
4660,Crown Point Community School Corp,3901,Crown Point High School,***,***,***,16,16,100.00%,19,19,100.00%,89,85,95.51%,13,13,100.00%,***,***,***,527,507,96.20%,540,526,97.41%,122,114,93.44%,611,604,98.85%,52,37,71.15%,655,634,96.79%,***,***,***,327,317,96.94%,342,328,95.91%,669,645,96.41%
4670,School City of East Chicago,3924,East Chicago Central High School,,,,,,,138,88,63.77%,141,106,75.18%,***,***,***,,,,***,***,***,31,23,74.19%,234,173,73.93%,225,177,78.67%,41,19,46.34%,245,186,75.92%,21,10,47.62%,142,110,77.46%,142,87,61.27%,284,197,69.37%
4680,Lake Station Community Schools,3965,Thomas A Edison Jr-Sr HS,,,,,,,***,***,***,32,31,96.88%,***,***,***,,,,52,46,88.46%,13,12,92.31%,82,75,91.46%,81,75,92.59%,15,12,80.00%,95,86,90.53%,***,***,***,49,45,91.84%,48,42,87.50%,97,87,89.69%
4690,Gary Community School Corp,4113,New Tech Innovative Institute,,,,,,,***,***,***,,,,,,,,,,,,,,,,***,***,***,***,***,***,***,***,***,***,***,***,,,,***,***,***,***,***,***,***,***,***
4690,Gary Community School Corp,4163,West Side Leadership Academy,***,***,***,,,,130,113,86.92%,***,***,***,***,***,***,,,,,,,13,9,69.23%,126,111,88.10%,108,104,96.30%,31,16,51.61%,139,120,86.33%,,,,70,62,88.57%,70,58,82.86%,140,120,85.71%
4690,Gary Community School Corp,4168,Wm A Wirt/Emerson VPA,,,,,,,59,57,96.61%,***,***,***,***,***,***,,,,,,,20,20,100.00%,41,39,95.12%,60,58,96.67%,***,***,***,61,59,96.72%,,,,44,43,97.73%,17,16,94.12%,61,59,96.72%
4700,Griffith Public Schools,4173,Griffith Senior High School,,,,***,***,***,37,36,97.30%,43,43,100.00%,***,***,***,,,,105,102,97.14%,88,86,97.73%,107,105,98.13%,176,174,98.86%,19,17,89.47%,193,189,97.93%,***,***,***,88,85,96.59%,108,106,98.15%,196,191,97.45%
4710,School City of Hammond,4411,George Rogers Clark Md/HS,***,***,***,,,,23,12,52.17%,141,113,80.14%,,,,,,,20,15,75.00%,48,42,87.50%,132,95,71.97%,164,130,79.27%,17,7,41.18%,159,125,78.62%,22,12,54.55%,77,64,83.12%,108,76,70.37%,185,140,75.68%
4710,School City of Hammond,4413,Donald E Gavit Middle/High School,,,,***,***,***,77,63,81.82%,86,68,79.07%,***,***,***,,,,45,36,80.00%,53,46,86.79%,148,126,85.14%,187,160,85.56%,22,15,68.18%,198,169,85.35%,11,6,54.55%,110,98,89.09%,108,78,72.22%,218,176,80.73%
4710,School City of Hammond,4415,Hammond High School,,,,,,,89,77,86.52%,87,67,77.01%,***,***,***,,,,***,***,***,24,20,83.33%,153,128,83.66%,157,136,86.62%,21,12,57.14%,171,143,83.63%,***,***,***,77,64,83.12%,110,86,78.18%,187,150,80.21%
4710,School City of Hammond,4417,Morton Senior High School,,,,***,***,***,146,110,75.34%,120,97,80.83%,11,8,72.73%,,,,64,49,76.56%,73,64,87.67%,247,200,80.97%,298,249,83.56%,28,16,57.14%,311,257,82.64%,15,8,53.33%,167,140,83.83%,175,125,71.43%,342,265,77.49%
4720,School Town of Highland,4281,Highland High School,***,***,***,***,***,***,15,15,100.00%,79,68,86.08%,***,***,***,,,,177,161,90.96%,180,167,92.78%,93,84,90.32%,244,230,94.26%,32,22,68.75%,274,250,91.24%,***,***,***,136,123,90.44%,145,130,89.66%,281,253,90.04%
4730,School City of Hobart,4305,Hobart High School,***,***,***,***,***,***,24,23,95.83%,78,74,94.87%,***,***,***,,,,219,202,92.24%,194,186,95.88%,133,124,93.23%,293,279,95.22%,35,31,88.57%,328,310,94.51%,,,,171,163,95.32%,163,147,90.18%,334,310,92.81%
4740,School Town of Munster,4332,Munster High School,,,,27,27,100.00%,29,25,86.21%,83,81,97.59%,13,13,100.00%,,,,240,237,98.75%,322,317,98.45%,69,65,94.20%,363,359,98.90%,28,23,82.14%,388,379,97.68%,***,***,***,192,189,98.44%,200,194,97.00%,392,383,97.70%
4760,School City of Whiting,4353,Whiting High School,,,,,,,,,,57,54,94.74%,***,***,***,,,,37,34,91.89%,38,37,97.37%,56,52,92.86%,87,84,96.55%,***,***,***,93,88,94.62%,***,***,***,46,44,95.65%,49,45,91.84%,95,89,93.68%
4805,New Prairie United School Corp,4689,New Prairie High School,,,,***,***,***,,,,18,16,88.89%,***,***,***,,,,194,182,93.81%,144,138,95.83%,71,65,91.55%,200,192,96.00%,16,11,68.75%,215,202,93.95%,***,***,***,120,113,94.17%,99,91,91.92%,219,204,93.15%
4860,M S D of New Durham Township,4701,Westville High School,***,***,***,***,***,***,***,***,***,***,***,***,***,***,***,,,,56,50,89.29%,41,40,97.56%,27,24,88.89%,61,57,93.44%,***,***,***,68,64,94.12%,,,,38,37,97.37%,32,27,84.38%,70,64,91.43%
4915,Tri-Township Cons School Corp,4692,LaCrosse School,,,,,,,,,,***,***,***,,,,,,,22,22,100.00%,18,18,100.00%,***,***,***,20,20,100.00%,***,***,***,23,23,100.00%,,,,13,13,100.00%,10,10,100.00%,23,23,100.00%
4925,Michigan City Area Schools,4795,Michigan City High School,***,***,***,***,***,***,129,89,68.99%,35,25,71.43%,41,31,75.61%,,,,183,147,80.33%,138,120,86.96%,235,173,73.62%,308,250,81.17%,69,43,62.32%,374,291,77.81%,***,***,***,209,167,79.90%,187,130,69.52%,396,297,75.00%
4940,South Central Com School Corp,4737,South Central Jr-Sr High School,,,,,,,,,,***,***,***,,,,,,,76,72,94.74%,60,58,96.67%,16,15,93.75%,68,66,97.06%,***,***,***,77,73,94.81%,,,,31,29,93.55%,46,44,95.65%,77,73,94.81%
4945,LaPorte Community School Corp,4741,LaPorte High School,,,,***,***,***,15,14,93.33%,71,64,90.14%,21,21,100.00%,,,,370,335,90.54%,266,257,96.62%,199,176,88.44%,417,400,95.92%,55,34,61.82%,463,428,92.44%,***,***,***,255,239,93.73%,224,197,87.95%,479,436,91.02%
5075,North Lawrence Com Schools,4911,Bedford-North Lawrence High School,***,***,***,***,***,***,***,***,***,***,***,***,10,8,80.00%,,,,389,311,79.95%,257,232,90.27%,143,101,70.63%,342,302,88.30%,59,31,52.54%,401,333,83.04%,,,,206,175,84.95%,210,158,75.24%,416,333,80.05%
5085,Mitchell Community Schools,4925,Mitchell High School,,,,,,,,,,***,***,***,***,***,***,,,,110,99,90.00%,68,64,94.12%,38,37,97.37%,95,92,96.84%,12,9,75.00%,107,101,94.39%,,,,55,52,94.55%,57,49,85.96%,112,101,90.18%
5245,Frankton-Lapel Community Schools,5005,Frankton Jr-Sr High School,,,,,,,,,,***,***,***,***,***,***,,,,100,91,91.00%,71,68,95.77%,40,33,82.50%,97,92,94.85%,14,9,64.29%,111,101,90.99%,,,,55,51,92.73%,57,50,87.72%,112,101,90.18%
5245,Frankton-Lapel Community Schools,5011,Lapel Sr High School,,,,***,***,***,***,***,***,***,***,***,,,,,,,123,118,95.93%,87,85,97.70%,39,36,92.31%,112,109,97.32%,14,12,85.71%,126,121,96.03%,,,,54,52,96.30%,72,69,95.83%,126,121,96.03%
5255,South Madison Com Sch Corp,5053,Pendleton Heights High School,***,***,***,***,***,***,***,***,***,***,***,***,11,11,100.00%,,,,321,304,94.70%,256,248,96.88%,94,85,90.43%,298,290,97.32%,52,43,82.69%,350,333,95.14%,,,,180,171,95.00%,173,164,94.80%,353,335,94.90%
5265,Alexandria Community School Corp,5041,Alexandria-Monroe High School,,,,,,,***,***,***,***,***,***,***,***,***,,,,118,116,98.31%,76,74,97.37%,54,54,100.00%,113,112,99.12%,17,16,94.12%,130,128,98.46%,,,,58,56,96.55%,72,72,100.00%,130,128,98.46%
5275,Anderson Community School Corp,4945,Anderson High School,,,,***,***,***,107,101,94.39%,36,35,97.22%,29,26,89.66%,,,,247,231,93.52%,130,125,96.15%,284,265,93.31%,349,346,99.14%,65,44,67.69%,412,388,94.17%,***,***,***,188,179,95.21%,233,216,92.70%,421,395,93.82%
5280,Elwood Community School Corp,5149,Elwood Jr-Sr High School,,,,,,,***,***,***,***,***,***,***,***,***,***,***,***,78,73,93.59%,40,40,100.00%,46,41,89.13%,72,72,100.00%,14,9,64.29%,86,81,94.19%,,,,45,41,91.11%,41,40,97.56%,86,81,94.19%
5300,M S D Decatur Township,5177,Decatur Central High School,***,***,***,***,***,***,44,39,88.64%,44,42,95.45%,24,23,95.83%,***,***,***,285,256,89.82%,188,173,92.02%,210,191,90.95%,346,330,95.38%,53,34,64.15%,387,355,91.73%,12,9,75.00%,187,175,93.58%,216,190,87.96%,403,365,90.57%
5300,M S D Decatur Township,5188,Decatur Twp School for Excellence,,,,,,,11,8,72.73%,***,***,***,***,***,***,,,,67,53,79.10%,31,27,87.10%,53,42,79.25%,71,60,84.51%,13,9,69.23%,82,67,81.71%,***,***,***,42,35,83.33%,48,36,75.00%,90,71,78.89%
5310,Franklin Township Com Sch Corp,5193,Franklin Central High School,,,,27,26,96.30%,52,46,88.46%,41,40,97.56%,22,21,95.45%,,,,497,482,96.98%,396,389,98.23%,231,220,95.24%,537,532,99.07%,90,77,85.56%,620,603,97.26%,***,***,***,304,294,96.71%,335,321,95.82%,639,615,96.24%
5330,M S D Lawrence Township,5275,Lawrence Central High School,***,***,***,***,***,***,312,287,91.99%,89,76,85.39%,42,40,95.24%,,,,144,130,90.28%,246,238,96.75%,323,297,91.95%,487,470,96.51%,84,65,77.38%,546,517,94.69%,25,18,72.00%,302,287,95.03%,294,254,86.39%,596,541,90.77%
5330,M S D Lawrence Township,5276,Lawrence North High School,***,***,***,***,***,***,240,228,95.00%,98,94,95.92%,42,39,92.86%,,,,162,152,93.83%,251,240,95.62%,294,282,95.92%,471,462,98.09%,75,60,80.00%,532,511,96.05%,14,11,78.57%,287,281,97.91%,265,242,91.32%,552,523,94.75%
5340,Perry Township Schools,5307,Perry Meridian High School,,,,85,83,97.65%,27,21,77.78%,57,52,91.23%,23,21,91.30%,,,,262,246,93.89%,212,201,94.81%,238,221,92.86%,397,382,96.22%,54,40,74.07%,409,382,93.40%,42,40,95.24%,205,192,93.66%,249,231,92.77%,454,423,93.17%
5340,Perry Township Schools,5309,Southport High School,,,,82,79,96.34%,32,28,87.50%,56,54,96.43%,27,27,100.00%,,,,259,246,94.98%,173,168,97.11%,281,265,94.31%,408,393,96.32%,46,40,86.96%,421,401,95.25%,33,32,96.97%,237,230,97.05%,219,204,93.15%,456,434,95.18%
5350,M S D Pike Township,5353,Pike High School,,,,27,26,96.30%,461,427,92.62%,140,128,91.43%,50,49,98.00%,,,,72,68,94.44%,282,267,94.68%,458,430,93.89%,655,633,96.64%,86,64,74.42%,712,672,94.38%,29,25,86.21%,421,400,95.01%,329,298,90.58%,750,698,93.07%
5360,M S D Warren Township,5361,Warren Central High School,,,,14,14,100.00%,516,408,79.07%,110,90,81.82%,41,34,82.93%,,,,222,183,82.43%,285,246,86.32%,577,475,82.32%,727,639,87.90%,140,83,59.29%,839,704,83.91%,28,18,64.29%,437,371,84.90%,466,358,76.82%,903,729,80.73%
5370,M S D Washington Township,5451,North Central High School,***,***,***,56,52,92.86%,379,329,86.81%,131,105,80.15%,57,56,98.25%,***,***,***,292,283,96.92%,483,463,95.86%,420,359,85.48%,792,746,94.19%,113,76,67.26%,858,791,92.19%,47,31,65.96%,460,428,93.04%,457,398,87.09%,917,826,90.08%
5375,M S D Wayne Township,5213,Ben Davis High School,,,,***,***,***,338,313,92.60%,209,191,91.39%,54,53,98.15%,,,,327,304,92.97%,285,269,94.39%,632,593,93.83%,815,777,95.34%,104,85,81.73%,875,825,94.29%,44,37,84.09%,480,453,94.38%,455,415,91.21%,935,868,92.83%
5375,M S D Wayne Township,5288,Achieve Virtual Education Academy,,,,***,***,***,***,***,***,11,0,0.00%,***,***,***,,,,41,22,53.66%,43,25,58.14%,16,3,18.75%,54,27,50.00%,***,***,***,57,28,49.12%,***,***,***,42,21,50.00%,20,7,35.00%,62,28,45.16%
5375,M S D Wayne Township,5447,Ben Davis University High School,***,***,***,***,***,***,36,36,100.00%,32,32,100.00%,***,***,***,,,,45,45,100.00%,39,39,100.00%,81,81,100.00%,113,113,100.00%,***,***,***,120,120,100.00%,,,,78,78,100.00%,42,42,100.00%,120,120,100.00%
5380,Beech Grove City Schools,5449,Beech Grove Sr High School,,,,***,***,***,22,19,86.36%,13,11,84.62%,17,16,94.12%,,,,172,155,90.12%,101,90,89.11%,123,112,91.06%,183,173,94.54%,41,29,70.73%,221,200,90.50%,***,***,***,120,108,90.00%,105,94,89.52%,225,202,89.78%
5385,Indianapolis Public Schools,5465,Arlington High,,,,,,,97,80,82.47%,19,18,94.74%,***,***,***,,,,***,***,***,41,29,70.73%,79,70,88.61%,93,82,88.17%,29,19,65.52%,115,94,81.74%,***,***,***,57,48,84.21%,68,55,80.88%,125,103,82.40%
5385,Indianapolis Public Schools,5469,Arsenal Technical High School,***,***,***,,,,228,170,74.56%,135,109,80.74%,18,11,61.11%,,,,71,44,61.97%,97,77,79.38%,314,252,80.25%,344,280,81.40%,69,49,71.01%,392,313,79.85%,21,16,76.19%,211,164,77.73%,242,171,70.66%,453,335,73.95%
5385,Indianapolis Public Schools,5473,Crispus Attucks Medical Magnet HS,,,,,,,79,75,94.94%,32,29,90.63%,***,***,***,,,,***,***,***,36,34,94.44%,84,79,94.05%,115,110,95.65%,***,***,***,117,110,94.02%,***,***,***,75,73,97.33%,46,40,86.96%,121,113,93.39%
5385,Indianapolis Public Schools,5477,Broad Ripple Mgnt HS for Prfm Arts,***,***,***,,,,89,84,94.38%,19,18,94.74%,***,***,***,,,,12,9,75.00%,34,32,94.12%,92,87,94.57%,111,110,99.10%,15,9,60.00%,126,119,94.44%,,,,72,69,95.83%,56,50,89.29%,128,119,92.97%
5385,Indianapolis Public Schools,5483,Northwest Community High School,,,,***,***,***,81,61,75.31%,43,32,74.42%,***,***,***,,,,***,***,***,42,29,69.05%,86,67,77.91%,98,81,82.65%,32,16,50.00%,108,83,76.85%,22,14,63.64%,70,52,74.29%,66,50,75.76%,136,102,75.00%
5385,Indianapolis Public Schools,5487,Shortridge High School,,,,***,***,***,26,23,88.46%,14,14,100.00%,***,***,***,,,,18,18,100.00%,21,21,100.00%,44,40,90.91%,59,59,100.00%,***,***,***,65,61,93.85%,,,,30,29,96.67%,35,32,91.43%,65,61,93.85%
5385,Indianapolis Public Schools,5643,George Washington Community HS,,,,,,,28,21,75.00%,33,22,66.67%,***,***,***,,,,24,9,37.50%,13,9,69.23%,64,46,71.88%,65,49,75.38%,14,6,42.86%,68,49,72.06%,11,6,54.55%,44,30,68.18%,46,26,56.52%,90,56,62.22%
5400,School Town of Speedway,5891,Speedway Senior High School,,,,***,***,***,22,21,95.45%,***,***,***,***,***,***,,,,61,61,100.00%,48,48,100.00%,51,51,100.00%,88,88,100.00%,12,11,91.67%,93,92,98.92%,***,***,***,45,45,100.00%,55,54,98.18%,100,99,99.00%
5455,Culver Community Schools Corp,5245,Culver Community Middle/High Sch,,,,,,,***,***,***,***,***,***,***,***,***,,,,39,38,97.44%,26,26,100.00%,19,19,100.00%,41,41,100.00%,***,***,***,45,45,100.00%,,,,18,18,100.00%,28,27,96.43%,46,45,97.83%
5470,Argos Community Schools,5937,Argos Comm Jr-Sr High School,,,,,,,,,,***,***,***,***,***,***,,,,42,33,78.57%,24,21,87.50%,17,14,82.35%,36,32,88.89%,***,***,***,41,35,85.37%,,,,24,23,95.83%,20,12,60.00%,44,35,79.55%
5480,Bremen Public Schools,5941,Bremen Senior High School,,,,,,,,,,23,22,95.65%,***,***,***,,,,83,78,93.98%,74,73,98.65%,32,27,84.38%,93,91,97.85%,13,9,69.23%,105,100,95.24%,***,***,***,54,53,98.15%,53,47,88.68%,107,100,93.46%
5485,Plymouth Community School Corp,5945,Plymouth High School,,,,***,***,***,***,***,***,70,61,87.14%,***,***,***,,,,190,178,93.68%,122,120,98.36%,137,121,88.32%,233,222,95.28%,27,19,70.37%,246,232,94.31%,14,9,64.29%,139,132,94.96%,125,110,88.00%,264,242,91.67%
5495,Triton School Corporation,5923,Triton Jr-Sr High School,,,,,,,,,,***,***,***,***,***,***,,,,61,60,98.36%,50,50,100.00%,17,16,94.12%,62,62,100.00%,***,***,***,67,66,98.51%,,,,37,37,100.00%,30,29,96.67%,67,66,98.51%
5520,Shoals Community School Corp,5985,Shoals Community High School,,,,,,,,,,***,***,***,,,,,,,39,34,87.18%,19,19,100.00%,21,16,76.19%,30,28,93.33%,10,7,70.00%,40,35,87.50%,,,,20,16,80.00%,20,19,95.00%,40,35,87.50%
5525,Loogootee Community Sch Corp,6003,Loogootee High School,,,,,,,,,,,,,***,***,***,,,,57,54,94.74%,38,38,100.00%,19,17,89.47%,51,51,100.00%,***,***,***,57,55,96.49%,,,,25,23,92.00%,33,32,96.97%,58,55,94.83%
5615,Maconaquah School Corp,6032,Maconaquah High School,***,***,***,***,***,***,***,***,***,***,***,***,***,***,***,,,,145,140,96.55%,105,103,98.10%,56,51,91.07%,140,137,97.86%,21,17,80.95%,160,153,95.63%,***,***,***,77,76,98.70%,84,78,92.86%,161,154,95.65%
5620,North Miami Community Schools,6049,North Miami Middle/High School,***,***,***,,,,,,,***,***,***,***,***,***,,,,68,66,97.06%,45,44,97.78%,27,26,96.30%,57,57,100.00%,15,13,86.67%,72,70,97.22%,,,,32,31,96.88%,40,39,97.50%,72,70,97.22%
5625,Oak Hill United School Corp,6069,Oak Hill High School,,,,,,,***,***,***,***,***,***,***,***,***,,,,108,91,84.26%,78,69,88.46%,35,29,82.86%,95,87,91.58%,18,11,61.11%,113,98,86.73%,,,,56,53,94.64%,60,45,75.00%,116,98,84.48%
5635,Peru Community Schools,6085,Peru High School,***,***,***,,,,***,***,***,***,***,***,***,***,***,,,,140,137,97.86%,79,77,97.47%,81,79,97.53%,138,135,97.83%,22,21,95.45%,160,156,97.50%,,,,72,72,100.00%,91,87,95.60%,163,159,97.55%
5705,Richland-Bean Blossom C S C,6146,Edgewood High School,,,,,,,***,***,***,***,***,***,***,***,***,,,,181,166,91.71%,127,123,96.85%,69,59,85.51%,178,171,96.07%,19,11,57.89%,197,182,92.39%,,,,101,94,93.07%,97,88,90.72%,198,182,91.92%
5740,Monroe County Community Sch Corp,6166,Bloomington High School South,***,***,***,19,19,100.00%,12,11,91.67%,14,13,92.86%,17,17,100.00%,,,,314,307,97.77%,305,300,98.36%,66,63,95.45%,336,331,98.51%,35,32,91.43%,370,362,97.84%,***,***,***,195,193,98.97%,182,175,96.15%,377,368,97.61%
5740,Monroe County Community Sch Corp,6168,Bloomington High School North,,,,19,19,100.00%,21,19,90.48%,24,24,100.00%,28,28,100.00%,,,,274,263,95.99%,268,262,97.76%,95,90,94.74%,315,313,99.37%,49,39,79.59%,359,347,96.66%,***,***,***,191,189,98.95%,175,164,93.71%,366,353,96.45%
5740,Monroe County Community Sch Corp,6202,The Acad of Sci & Entrepreneurship,,,,,,,***,***,***,***,***,***,,,,,,,23,23,100.00%,16,16,100.00%,10,10,100.00%,19,19,100.00%,***,***,***,26,26,100.00%,,,,14,14,100.00%,12,12,100.00%,26,26,100.00%
5740,Monroe County Community Sch Corp,6220,Bloomington Graduation School,***,***,***,,,,***,***,***,***,***,***,***,***,***,,,,22,12,54.55%,***,***,***,22,11,50.00%,27,14,51.85%,***,***,***,30,15,50.00%,,,,22,10,45.45%,12,6,50.00%,34,16,47.06%
5835,North Montgomery Com Sch Corp,6271,North Montgomery High School,,,,,,,,,,***,***,***,***,***,***,,,,136,131,96.32%,99,98,98.99%,43,39,90.70%,129,128,99.22%,13,9,69.23%,142,137,96.48%,,,,75,74,98.67%,67,63,94.03%,142,137,96.48%
5845,South Montgomery Com Sch Corp,6257,Southmont Sr High School,,,,***,***,***,***,***,***,***,***,***,***,***,***,,,,129,122,94.57%,89,87,97.75%,45,41,91.11%,114,112,98.25%,20,16,80.00%,134,128,95.52%,,,,61,58,95.08%,74,70,94.59%,135,128,94.81%
5855,Crawfordsville Community Schools,6277,Crawfordsville Sr High School,,,,***,***,***,***,***,***,22,21,95.45%,***,***,***,,,,138,129,93.48%,80,79,98.75%,86,78,90.70%,136,128,94.12%,30,29,96.67%,159,150,94.34%,***,***,***,84,77,91.67%,85,81,95.29%,169,158,93.49%
5900,Monroe-Gregg School District,6321,Monrovia High School,,,,***,***,***,***,***,***,***,***,***,***,***,***,,,,112,106,94.64%,90,86,95.56%,30,29,96.67%,111,108,97.30%,***,***,***,120,115,95.83%,,,,56,54,96.43%,65,61,93.85%,121,115,95.04%
5910,Eminence Community School Corp,6325,Eminence Jr-Sr High School,,,,,,,,,,,,,,,,,,,23,18,78.26%,13,12,92.31%,10,6,60.00%,18,16,88.89%,***,***,***,23,18,78.26%,,,,11,10,90.91%,12,8,66.67%,23,18,78.26%
5925,M S D Martinsville Schools,6329,Martinsville High School,***,***,***,***,***,***,***,***,***,***,***,***,***,***,***,,,,333,309,92.79%,199,192,96.48%,150,133,88.67%,304,295,97.04%,45,30,66.67%,349,325,93.12%,,,,163,154,94.48%,187,171,91.44%,350,325,92.86%
5930,Mooresville Con School Corp,6369,Mooresville High School,***,***,***,,,,***,***,***,***,***,***,***,***,***,,,,324,315,97.22%,234,228,97.44%,103,100,97.09%,317,312,98.42%,20,16,80.00%,337,328,97.33%,,,,176,174,98.86%,164,157,95.73%,340,331,97.35%
5945,North Newton School Corp,6411,North Newton Jr-Sr High School,***,***,***,***,***,***,,,,***,***,***,***,***,***,,,,98,88,89.80%,66,61,92.42%,40,36,90.00%,88,81,92.05%,18,16,88.89%,103,94,91.26%,***,***,***,44,43,97.73%,63,54,85.71%,107,97,90.65%
5995,South Newton School Corp,6417,South Newton Senior High School,,,,,,,***,***,***,***,***,***,,,,,,,56,53,94.64%,33,31,93.94%,32,30,93.75%,57,55,96.49%,***,***,***,66,61,92.42%,,,,28,25,89.29%,38,36,94.74%,66,61,92.42%
6055,Central Noble Com School Corp,6453,Central Noble Junior Senior HS,,,,,,,,,,***,***,***,***,***,***,,,,89,79,88.76%,64,58,90.63%,26,24,92.31%,78,72,92.31%,12,10,83.33%,89,82,92.13%,***,***,***,40,35,87.50%,53,47,88.68%,93,82,88.17%
6060,East Noble School Corporation,6458,East Noble High School,,,,***,***,***,***,***,***,21,20,95.24%,***,***,***,***,***,***,233,220,94.42%,167,158,94.61%,93,86,92.47%,216,212,98.15%,44,32,72.73%,257,243,94.55%,***,***,***,139,131,94.24%,127,119,93.70%,266,250,93.98%
6065,West Noble School Corporation,6489,West Noble High School,,,,***,***,***,***,***,***,80,72,90.00%,***,***,***,,,,82,65,79.27%,79,68,86.08%,86,74,86.05%,144,131,90.97%,21,11,52.38%,156,135,86.54%,***,***,***,72,67,93.06%,96,75,78.13%,168,142,84.52%
6080,Rising Sun-Ohio Co Com,6513,Rising Sun High School,,,,***,***,***,,,,***,***,***,***,***,***,,,,44,41,93.18%,34,32,94.12%,14,13,92.86%,46,44,95.65%,***,***,***,48,45,93.75%,,,,25,24,96.00%,23,21,91.30%,48,45,93.75%
6145,Orleans Community Schools,6573,Orleans Jr-Sr High School,,,,,,,,,,,,,***,***,***,,,,52,48,92.31%,35,34,97.14%,17,15,88.24%,42,40,95.24%,10,9,90.00%,52,49,94.23%,,,,23,22,95.65%,30,27,90.00%,53,49,92.45%
6155,Paoli Community School Corp,6581,Paoli Jr & Sr High School,,,,,,,,,,***,***,***,***,***,***,,,,89,86,96.63%,59,57,96.61%,33,32,96.97%,77,76,98.70%,15,13,86.67%,92,89,96.74%,,,,43,42,97.67%,49,47,95.92%,92,89,96.74%
6160,Springs Valley Com School Corp,6589,Springs Valley Comm High School,,,,,,,***,***,***,***,***,***,***,***,***,***,***,***,58,58,100.00%,43,43,100.00%,21,21,100.00%,58,58,100.00%,***,***,***,64,64,100.00%,,,,34,33,97.06%,31,31,100.00%,65,64,98.46%
6195,Spencer-Owen Community Schools,6613,Owen Valley Community High School,,,,,,,,,,,,,***,***,***,,,,164,152,92.68%,110,105,95.45%,56,50,89.29%,143,139,97.20%,23,16,69.57%,166,155,93.37%,,,,76,74,97.37%,91,81,89.01%,167,155,92.81%
6260,Southwest Parke Com Sch Corp,6627,Riverton Parke Jr-Sr High School,,,,,,,,,,***,***,***,,,,,,,66,58,87.88%,34,31,91.18%,34,29,85.29%,57,50,87.72%,11,10,90.91%,68,60,88.24%,,,,40,36,90.00%,28,24,85.71%,68,60,88.24%
6325,Perry Central Com Schools Corp,6708,Perry Central Jr-Sr High School,,,,***,***,***,,,,,,,***,***,***,,,,86,83,96.51%,59,58,98.31%,28,26,92.86%,75,74,98.67%,12,10,83.33%,87,84,96.55%,,,,43,41,95.35%,45,44,97.78%,88,85,96.59%
6340,Cannelton City Schools,6733,Cannelton Elementary & High School,,,,,,,,,,,,,,,,,,,19,11,57.89%,***,***,***,***,***,***,17,10,58.82%,***,***,***,18,10,55.56%,,,,11,6,54.55%,***,***,***,19,11,57.89%
6350,Tell City-Troy Twp School Corp,6741,Tell City Jr-Sr High School,,,,,,,,,,***,***,***,***,***,***,,,,87,85,97.70%,62,61,98.39%,30,29,96.67%,83,81,97.59%,***,***,***,92,90,97.83%,,,,48,47,97.92%,44,43,97.73%,92,90,97.83%
6375,North Central Parke Comm Schl Corp,6637,Rockville Jr-Sr High School,***,***,***,,,,,,,,,,***,***,***,,,,60,51,85.00%,32,31,96.88%,26,22,84.62%,50,48,96.00%,***,***,***,58,53,91.38%,,,,28,27,96.43%,35,27,77.14%,63,54,85.71%
6375,North Central Parke Comm Schl Corp,6649,Turkey Run Jr-Sr High School,,,,,,,,,,***,***,***,***,***,***,,,,41,39,95.12%,21,21,100.00%,21,20,95.24%,34,33,97.06%,***,***,***,43,41,95.35%,,,,16,16,100.00%,27,25,92.59%,43,41,95.35%
6445,Pike County School Corp,6763,Pike Central High School,,,,,,,,,,***,***,***,***,***,***,,,,142,134,94.37%,100,98,98.00%,47,41,87.23%,120,119,99.17%,27,20,74.07%,147,139,94.56%,,,,78,74,94.87%,71,66,92.96%,149,140,93.96%
6460,M S D Boone Township,6813,Hebron High School,,,,***,***,***,***,***,***,***,***,***,***,***,***,,,,60,60,100.00%,47,47,100.00%,27,27,100.00%,65,65,100.00%,***,***,***,74,74,100.00%,,,,38,38,100.00%,36,36,100.00%,74,74,100.00%
6470,Duneland School Corporation,6925,Chesterton Senior High School,,,,13,13,100.00%,***,***,***,36,32,88.89%,17,14,82.35%,,,,438,405,92.47%,398,384,96.48%,101,85,84.16%,427,408,95.55%,73,61,83.56%,499,469,93.99%,***,***,***,256,242,94.53%,255,229,89.80%,511,471,92.17%
6510,East Porter County School Corp,6825,Morgan Township Middle/High School,,,,,,,,,,***,***,***,***,***,***,,,,51,51,100.00%,56,56,100.00%,***,***,***,51,51,100.00%,***,***,***,60,60,100.00%,,,,27,27,100.00%,33,33,100.00%,60,60,100.00%
6510,East Porter County School Corp,6833,Kouts Middle/High School,,,,,,,,,,***,***,***,,,,,,,66,66,100.00%,58,58,100.00%,11,11,100.00%,66,66,100.00%,***,***,***,69,69,100.00%,,,,26,26,100.00%,43,43,100.00%,69,69,100.00%
6510,East Porter County School Corp,6849,Washington Twp Middle/High School,,,,,,,,,,13,12,92.31%,***,***,***,,,,62,60,96.77%,62,61,98.39%,14,13,92.86%,73,71,97.26%,***,***,***,77,74,96.10%,,,,37,36,97.30%,40,38,95.00%,77,74,96.10%
6520,Porter Township School Corp,6838,Boone Grove High School,***,***,***,***,***,***,***,***,***,16,16,100.00%,***,***,***,,,,105,99,94.29%,102,98,96.08%,26,24,92.31%,104,101,97.12%,25,21,84.00%,129,122,94.57%,,,,64,61,95.31%,65,61,93.85%,129,122,94.57%
6530,Union Township School Corp,6841,Wheeler High School,***,***,***,***,***,***,***,***,***,17,17,100.00%,***,***,***,,,,105,99,94.29%,109,103,94.50%,24,23,95.83%,113,108,95.58%,20,18,90.00%,133,126,94.74%,,,,63,59,93.65%,70,67,95.71%,133,126,94.74%
6550,Portage Township Schools,6853,Portage High School,***,***,***,,,,64,61,95.31%,113,105,92.92%,25,23,92.00%,,,,336,314,93.45%,266,258,96.99%,268,245,91.42%,468,450,96.15%,66,53,80.30%,533,503,94.37%,***,***,***,272,257,94.49%,267,247,92.51%,539,504,93.51%
6560,Valparaiso Community Schools,6881,Valparaiso High School,***,***,***,15,15,100.00%,15,12,80.00%,30,26,86.67%,13,13,100.00%,,,,411,384,93.43%,377,363,96.29%,106,88,83.02%,437,419,95.88%,47,32,68.09%,479,447,93.32%,***,***,***,244,233,95.49%,241,218,90.46%,485,451,92.99%
6590,M S D Mount Vernon,6949,Mount Vernon High School,,,,,,,***,***,***,***,***,***,***,***,***,,,,151,143,94.70%,109,106,97.25%,54,48,88.89%,131,125,95.42%,32,29,90.63%,163,154,94.48%,,,,88,85,96.59%,76,69,90.79%,164,154,93.90%
6600,M S D North Posey Co Schools,6975,North Posey High School,,,,***,***,***,***,***,***,,,,,,,,,,113,109,96.46%,81,78,96.30%,33,33,100.00%,97,95,97.94%,17,16,94.12%,114,111,97.37%,,,,48,47,97.92%,67,64,95.52%,115,111,96.52%
6620,Eastern Pulaski Community Sch Corp,6997,Winamac Community High School,,,,,,,,,,***,***,***,***,***,***,***,***,***,88,83,94.32%,57,55,96.49%,34,33,97.06%,77,73,94.81%,15,15,100.00%,92,88,95.65%,,,,49,48,97.96%,44,40,90.91%,93,88,94.62%
6630,West Central School Corp,7025,West Central Senior High School,,,,,,,,,,***,***,***,***,***,***,,,,61,51,83.61%,33,30,90.91%,31,23,74.19%,49,45,91.84%,15,8,53.33%,64,53,82.81%,,,,26,22,84.62%,38,31,81.58%,64,53,82.81%
6705,South Putnam Community Schools,7071,South Putnam High School,,,,,,,,,,***,***,***,***,***,***,,,,83,74,89.16%,52,51,98.08%,34,27,79.41%,78,73,93.59%,***,***,***,87,79,90.80%,,,,47,40,85.11%,42,39,92.86%,89,79,88.76%
6715,North Putnam Community Schools,7061,North Putnam Sr High School,***,***,***,,,,***,***,***,***,***,***,,,,,,,96,93,96.88%,64,64,100.00%,39,36,92.31%,91,91,100.00%,12,9,75.00%,103,100,97.09%,,,,53,53,100.00%,50,47,94.00%,103,100,97.09%
6750,Cloverdale Community Schools,7077,Cloverdale High School,,,,,,,***,***,***,,,,***,***,***,,,,81,78,96.30%,56,55,98.21%,30,28,93.33%,77,77,100.00%,***,***,***,86,83,96.51%,,,,49,49,100.00%,37,34,91.89%,86,83,96.51%
6755,Greencastle Community School Corp,7089,Greencastle Senior High School,,,,,,,***,***,***,***,***,***,***,***,***,,,,113,108,95.58%,75,74,98.67%,47,43,91.49%,112,108,96.43%,10,9,90.00%,122,117,95.90%,,,,52,50,96.15%,70,67,95.71%,122,117,95.90%
6795,Union School Corporation,7119,Union Junior & High School,,,,***,***,***,,,,,,,***,***,***,,,,44,32,72.73%,24,19,79.17%,19,15,78.95%,34,28,82.35%,***,***,***,43,34,79.07%,,,,27,21,77.78%,20,13,65.00%,47,34,72.34%
6805,Randolph Southern School Corp,7121,Randolph Southern Jr-Sr High Sch,,,,,,,,,,***,***,***,,,,,,,42,40,95.24%,31,31,100.00%,12,10,83.33%,37,36,97.30%,***,***,***,43,41,95.35%,,,,24,24,100.00%,19,17,89.47%,43,41,95.35%
6820,Monroe Central School Corp,7151,Monroe Central Jr-Sr High School,,,,,,,***,***,***,***,***,***,***,***,***,,,,87,86,98.85%,62,62,100.00%,35,34,97.14%,87,87,100.00%,10,9,90.00%,97,96,98.97%,,,,49,49,100.00%,48,47,97.92%,97,96,98.97%
6825,Randolph Central School Corp,7125,Winchester Community High School,,,,***,***,***,***,***,***,***,***,***,***,***,***,,,,82,77,93.90%,46,45,97.83%,41,37,90.24%,82,80,97.56%,***,***,***,87,82,94.25%,,,,46,43,93.48%,41,39,95.12%,87,82,94.25%
6835,Randolph Eastern School Corp,7161,Union City Community Jr/Sr High,,,,,,,***,***,***,***,***,***,***,***,***,,,,56,54,96.43%,32,32,100.00%,35,34,97.14%,59,59,100.00%,***,***,***,67,66,98.51%,,,,32,31,96.88%,36,35,97.22%,68,66,97.06%
6865,South Ripley Com Sch Corp,7182,South Ripley High School,***,***,***,,,,,,,***,***,***,,,,,,,88,86,97.73%,51,51,100.00%,39,37,94.87%,75,75,100.00%,15,13,86.67%,90,88,97.78%,,,,53,52,98.11%,37,36,97.30%,90,88,97.78%
6895,Batesville Community School Corp,7217,Batesville High School,,,,***,***,***,,,,***,***,***,,,,,,,167,160,95.81%,139,138,99.28%,36,32,88.89%,156,155,99.36%,19,15,78.95%,175,170,97.14%,,,,81,81,100.00%,96,89,92.71%,177,170,96.05%
6900,Jac-Cen-Del Community Sch Corp,7193,Jac-Cen-Del MS/HS,,,,,,,,,,***,***,***,***,***,***,,,,65,59,90.77%,42,39,92.86%,23,22,95.65%,51,49,96.08%,14,12,85.71%,65,61,93.85%,,,,32,30,93.75%,35,31,88.57%,67,61,91.04%
6910,Milan Community Schools,7205,Milan High School,***,***,***,***,***,***,,,,,,,,,,,,,93,91,97.85%,62,62,100.00%,32,31,96.88%,81,80,98.77%,13,13,100.00%,94,93,98.94%,,,,47,47,100.00%,48,46,95.83%,95,93,97.89%
6995,Rush County Schools,7285,Rushville Consolidated High School,,,,,,,***,***,***,***,***,***,***,***,***,,,,146,143,97.95%,95,93,97.89%,58,57,98.28%,138,137,99.28%,15,13,86.67%,153,150,98.04%,,,,72,72,100.00%,81,78,96.30%,153,150,98.04%
7150,John Glenn School Corporation,7453,John Glenn High School,***,***,***,,,,,,,***,***,***,***,***,***,,,,134,124,92.54%,94,91,96.81%,44,38,86.36%,123,116,94.31%,15,13,86.67%,138,129,93.48%,,,,70,66,94.29%,70,64,91.43%,140,130,92.86%
7175,Penn-Harris-Madison School Corp,7353,Penn High School,***,***,***,44,44,100.00%,48,46,95.83%,36,36,100.00%,41,40,97.56%,***,***,***,688,664,96.51%,672,661,98.36%,189,175,92.59%,772,765,99.09%,91,73,80.22%,854,830,97.19%,***,***,***,441,432,97.96%,427,409,95.78%,868,841,96.89%
7200,School City of Mishawaka,7461,Mishawaka High School,,,,***,***,***,19,18,94.74%,22,20,90.91%,12,10,83.33%,,,,276,252,91.30%,143,135,94.41%,183,168,91.80%,293,280,95.56%,35,23,65.71%,323,299,92.57%,***,***,***,152,138,90.79%,181,166,91.71%,333,304,91.29%
7205,South Bend Community School Corp,7421,Clay High School,***,***,***,***,***,***,80,66,82.50%,24,21,87.50%,25,22,88.00%,,,,134,113,84.33%,96,89,92.71%,154,130,84.42%,205,186,90.73%,45,33,73.33%,243,215,88.48%,***,***,***,155,134,86.45%,112,91,81.25%,267,225,84.27%
7205,South Bend Community School Corp,7505,Adams High School,***,***,***,21,21,100.00%,99,85,85.86%,79,73,92.41%,42,42,100.00%,***,***,***,169,162,95.86%,203,194,95.57%,205,189,92.20%,356,348,97.75%,52,35,67.31%,378,358,94.71%,30,25,83.33%,228,217,95.18%,184,168,91.30%,412,385,93.45%
7205,South Bend Community School Corp,7513,Riley High School,,,,***,***,***,69,52,75.36%,55,40,72.73%,27,19,70.37%,,,,103,90,87.38%,92,84,91.30%,151,119,78.81%,210,185,88.10%,35,18,51.43%,237,201,84.81%,***,***,***,91,76,83.52%,165,127,76.97%,256,203,79.30%
7205,South Bend Community School Corp,7517,Washington High School,,,,,,,104,82,78.85%,58,42,72.41%,20,16,80.00%,,,,21,20,95.24%,45,39,86.67%,143,120,83.92%,155,140,90.32%,33,19,57.58%,181,156,86.19%,***,***,***,108,95,87.96%,95,65,68.42%,203,160,78.82%
7205,South Bend Community School Corp,7534,Rise Up Academy at Eggleston,,,,***,***,***,82,13,15.85%,19,2,10.53%,15,3,20.00%,,,,26,4,15.38%,26,3,11.54%,101,19,18.81%,95,19,20.00%,35,3,8.57%,122,22,18.03%,***,***,***,60,11,18.33%,83,11,13.25%,143,22,15.38%
7215,Union-North United School Corp,7399,LaVille Jr-Sr High School,***,***,***,***,***,***,***,***,***,***,***,***,***,***,***,,,,76,67,88.16%,50,49,98.00%,31,24,77.42%,73,67,91.78%,***,***,***,81,73,90.12%,,,,41,39,95.12%,42,34,80.95%,83,73,87.95%
7230,Scott County School District 1,7629,Austin High School,***,***,***,,,,,,,***,***,***,***,***,***,,,,90,74,82.22%,36,32,88.89%,59,46,77.97%,74,67,90.54%,22,12,54.55%,96,79,82.29%,,,,46,40,86.96%,51,39,76.47%,97,79,81.44%
7255,Scott County School District 2,7641,Scottsburg Senior High School,***,***,***,***,***,***,***,***,***,***,***,***,***,***,***,,,,177,159,89.83%,99,91,91.92%,89,77,86.52%,158,146,92.41%,30,22,73.33%,187,167,89.30%,***,***,***,91,85,93.41%,98,83,84.69%,189,168,88.89%
7285,Shelby Eastern Schools,7661,Morristown Jr-Sr High School,,,,***,***,***,,,,***,***,***,,,,,,,48,45,93.75%,34,33,97.06%,15,15,100.00%,40,40,100.00%,***,***,***,49,48,97.96%,,,,23,22,95.65%,28,26,92.86%,51,48,94.12%
7285,Shelby Eastern Schools,7665,Waldron Jr-Sr High School,,,,,,,,,,,,,,,,,,,34,33,97.06%,21,20,95.24%,13,13,100.00%,31,31,100.00%,***,***,***,34,33,97.06%,,,,19,19,100.00%,15,14,93.33%,34,33,97.06%
7350,Northwestern Con School Corp,7689,Triton Central High School,***,***,***,,,,***,***,***,***,***,***,***,***,***,,,,103,100,97.09%,78,78,100.00%,32,28,87.50%,95,93,97.89%,15,13,86.67%,109,105,96.33%,***,***,***,56,55,98.21%,54,51,94.44%,110,106,96.36%
7360,Southwestern Con Sch Shelby Co,7701,Southwestern High School,,,,***,***,***,,,,***,***,***,***,***,***,,,,44,43,97.73%,30,30,100.00%,17,16,94.12%,43,43,100.00%,***,***,***,47,46,97.87%,,,,26,26,100.00%,21,20,95.24%,47,46,97.87%
7365,Shelbyville Central Schools,7717,Shelbyville Sr High School,***,***,***,***,***,***,***,***,***,27,25,92.59%,***,***,***,,,,211,204,96.68%,154,149,96.75%,96,92,95.83%,226,223,98.67%,25,19,76.00%,246,238,96.75%,***,***,***,132,127,96.21%,120,116,96.67%,252,243,96.43%
7385,North Spencer County Sch Corp,7759,Heritage Hills High School,,,,,,,,,,14,14,100.00%,***,***,***,,,,140,140,100.00%,125,125,100.00%,32,32,100.00%,147,147,100.00%,10,10,100.00%,154,154,100.00%,***,***,***,85,85,100.00%,72,72,100.00%,157,157,100.00%
7445,South Spencer County Sch Corp,7795,South Spencer High School,,,,,,,***,***,***,***,***,***,***,***,***,,,,78,70,89.74%,51,47,92.16%,31,29,93.55%,70,69,98.57%,12,7,58.33%,82,76,92.68%,,,,37,33,89.19%,47,43,91.49%,84,76,90.48%
7495,Oregon-Davis School Corp,7831,Oregon-Davis Jr-Sr High School,,,,,,,,,,***,***,***,***,***,***,,,,40,32,80.00%,23,18,78.26%,21,18,85.71%,39,32,82.05%,***,***,***,45,36,80.00%,,,,21,19,90.48%,24,17,70.83%,45,36,80.00%
7515,North Judson-San Pierre Sch Corp,7849,N Judson-San Pierre Jr Sr High Sch,,,,,,,,,,***,***,***,***,***,***,,,,76,68,89.47%,39,37,94.87%,45,40,88.89%,62,60,96.77%,22,17,77.27%,84,77,91.67%,,,,48,45,93.75%,37,32,86.49%,85,77,90.59%
7525,Knox Community School Corp,7833,Knox Community High School,***,***,***,,,,***,***,***,***,***,***,***,***,***,,,,135,133,98.52%,71,71,100.00%,72,70,97.22%,134,133,99.25%,***,***,***,143,141,98.60%,,,,74,73,98.65%,70,69,98.57%,144,142,98.61%
7605,Fremont Community Schools,7877,Fremont High School,***,***,***,***,***,***,***,***,***,***,***,***,***,***,***,,,,73,62,84.93%,56,51,91.07%,20,16,80.00%,64,59,92.19%,12,8,66.67%,76,67,88.16%,,,,31,29,93.55%,47,38,80.85%,78,67,85.90%
7610,Hamilton Community Schools,7885,Hamilton Community High School,,,,,,,,,,,,,,,,,,,21,20,95.24%,16,16,100.00%,***,***,***,14,14,100.00%,***,***,***,21,20,95.24%,,,,11,11,100.00%,10,9,90.00%,21,20,95.24%
7615,M S D Steuben County,7893,Angola High School,***,***,***,***,***,***,***,***,***,17,17,100.00%,***,***,***,,,,173,154,89.02%,138,125,90.58%,65,56,86.15%,177,165,93.22%,26,16,61.54%,199,179,89.95%,***,***,***,108,100,92.59%,96,81,84.38%,204,181,88.73%
7645,Northeast School Corp,7917,North Central High School,,,,,,,***,***,***,***,***,***,***,***,***,,,,63,57,90.48%,32,31,96.88%,33,29,87.88%,57,54,94.74%,***,***,***,66,60,90.91%,,,,31,30,96.77%,35,30,85.71%,66,60,90.91%
7715,Southwest School Corporation,7957,Sullivan High School,,,,,,,,,,,,,***,***,***,,,,136,128,94.12%,84,82,97.62%,56,50,89.29%,126,123,97.62%,14,9,64.29%,140,132,94.29%,,,,66,63,95.45%,75,69,92.00%,141,132,93.62%
7775,Switzerland County School Corp,7993,Switzerland Co Senior High School,,,,,,,***,***,***,,,,***,***,***,,,,96,80,83.33%,53,52,98.11%,42,31,73.81%,82,76,92.68%,14,7,50.00%,96,83,86.46%,,,,50,44,88.00%,49,39,79.59%,99,83,83.84%
7855,Lafayette School Corporation,8015,Oakland High School,,,,,,,***,***,***,***,***,***,,,,,,,12,11,91.67%,***,***,***,13,12,92.31%,16,14,87.50%,***,***,***,16,14,87.50%,***,***,***,13,11,84.62%,***,***,***,18,15,83.33%
7855,Lafayette School Corporation,8069,Jefferson High School,***,***,***,***,***,***,63,44,69.84%,109,94,86.24%,20,16,80.00%,,,,217,181,83.41%,176,156,88.64%,226,185,81.86%,346,306,88.44%,57,35,61.40%,390,331,84.87%,13,10,76.92%,212,184,86.79%,205,158,77.07%,417,342,82.01%
7865,Tippecanoe School Corp,8003,McCutcheon High School,***,***,***,,,,17,15,88.24%,63,59,93.65%,14,14,100.00%,,,,287,276,96.17%,270,263,97.41%,109,102,93.58%,337,329,97.63%,42,36,85.71%,373,361,96.78%,***,***,***,185,180,97.30%,197,185,93.91%,382,365,95.55%
7865,Tippecanoe School Corp,8029,William Henry Harrison High School,***,***,***,***,***,***,13,9,69.23%,52,46,88.46%,***,***,***,,,,396,373,94.19%,368,359,97.55%,102,83,81.37%,411,397,96.59%,62,46,74.19%,461,434,94.14%,12,9,75.00%,227,218,96.04%,252,226,89.68%,479,444,92.69%
7875,West Lafayette Com School Corp,8129,West Lafayette Jr/Sr High School,,,,34,32,94.12%,***,***,***,***,***,***,***,***,***,,,,105,104,99.05%,145,143,98.62%,18,16,88.89%,152,149,98.03%,11,10,90.91%,161,158,98.14%,***,***,***,76,75,98.68%,87,84,96.55%,163,159,97.55%
7935,Tri-Central Community Schools,8155,Tri Central Middle-High School,,,,,,,,,,***,***,***,***,***,***,,,,55,54,98.18%,47,47,100.00%,13,12,92.31%,53,53,100.00%,***,***,***,60,59,98.33%,,,,21,20,95.24%,39,39,100.00%,60,59,98.33%
7945,Tipton Community School Corp,8177,Tipton High School,,,,,,,***,***,***,***,***,***,***,***,***,***,***,***,112,107,95.54%,91,85,93.41%,28,27,96.43%,100,96,96.00%,19,16,84.21%,119,112,94.12%,,,,50,47,94.00%,69,65,94.20%,119,112,94.12%
7950,Union Co/Clg Corner Joint Sch Dist,8193,Union County High School,,,,***,***,***,,,,***,***,***,***,***,***,,,,112,100,89.29%,71,68,95.77%,42,38,90.48%,107,99,92.52%,***,***,***,116,106,91.38%,,,,57,55,96.49%,61,51,83.61%,118,106,89.83%
7995,Evansville Vanderburgh School Corp,8237,Benjamin Bosse High School,***,***,***,,,,71,60,84.51%,***,***,***,23,20,86.96%,***,***,***,62,58,93.55%,52,49,94.23%,112,95,84.82%,137,127,92.70%,27,17,62.96%,161,142,88.20%,***,***,***,68,63,92.65%,99,81,81.82%,167,144,86.23%
7995,Evansville Vanderburgh School Corp,8241,Central High School,,,,***,***,***,21,19,90.48%,***,***,***,20,18,90.00%,,,,177,170,96.05%,121,118,97.52%,105,97,92.38%,194,192,98.97%,32,23,71.88%,226,215,95.13%,,,,105,104,99.05%,122,112,91.80%,227,216,95.15%
7995,Evansville Vanderburgh School Corp,8245,Francis Joseph Reitz High School,,,,***,***,***,***,***,***,***,***,***,12,12,100.00%,***,***,***,265,248,93.58%,191,188,98.43%,104,90,86.54%,266,255,95.86%,29,23,79.31%,294,277,94.22%,***,***,***,146,137,93.84%,149,141,94.63%,295,278,94.24%
7995,Evansville Vanderburgh School Corp,8253,North High School,***,***,***,***,***,***,17,15,88.24%,***,***,***,26,20,76.92%,***,***,***,263,243,92.40%,212,201,94.81%,105,94,89.52%,283,266,93.99%,36,29,80.56%,319,295,92.48%,,,,164,156,95.12%,160,139,86.88%,324,295,91.05%
7995,Evansville Vanderburgh School Corp,8270,Academy for Innovative Studies,***,***,***,,,,73,29,39.73%,***,***,***,42,9,21.43%,***,***,***,153,50,32.68%,54,26,48.15%,179,65,36.31%,197,70,35.53%,45,21,46.67%,241,91,37.76%,***,***,***,133,45,33.83%,148,46,31.08%,281,91,32.38%
7995,Evansville Vanderburgh School Corp,8311,William Henry Harrison High School,,,,***,***,***,34,32,94.12%,11,10,90.91%,25,22,88.00%,,,,136,120,88.24%,93,88,94.62%,114,99,86.84%,180,172,95.56%,27,15,55.56%,204,184,90.20%,***,***,***,110,100,90.91%,100,88,88.00%,210,188,89.52%
7995,Evansville Vanderburgh School Corp,8326,New Tech Institute,***,***,***,***,***,***,***,***,***,***,***,***,***,***,***,,,,59,58,98.31%,43,42,97.67%,27,27,100.00%,65,64,98.46%,***,***,***,70,69,98.57%,,,,26,26,100.00%,44,43,97.73%,70,69,98.57%
8010,North Vermillion Com Sch Corp,8394,North Vermillion High School,,,,,,,,,,***,***,***,,,,,,,66,63,95.45%,37,37,100.00%,28,26,92.86%,59,57,96.61%,***,***,***,66,63,95.45%,,,,32,31,96.88%,36,33,91.67%,68,64,94.12%
8020,South Vermillion Com Sch Corp,8432,South Vermillion High School,,,,,,,,,,***,***,***,***,***,***,***,***,***,128,117,91.41%,83,79,95.18%,51,47,92.16%,118,112,94.92%,17,14,82.35%,133,126,94.74%,***,***,***,69,64,92.75%,69,63,91.30%,138,127,92.03%
8030,Vigo County School Corp,8441,Terre Haute North Vigo High School,,,,***,***,***,16,13,81.25%,11,9,81.82%,25,22,88.00%,,,,313,280,89.46%,240,228,95.00%,124,99,79.84%,306,283,92.48%,58,44,75.86%,364,327,89.84%,,,,178,165,92.70%,190,162,85.26%,368,327,88.86%
8030,Vigo County School Corp,8453,West Vigo High School,,,,,,,,,,***,***,***,***,***,***,,,,127,116,91.34%,73,71,97.26%,54,48,88.89%,97,93,95.88%,30,26,86.67%,127,119,93.70%,,,,70,63,90.00%,61,56,91.80%,131,119,90.84%
8030,Vigo County School Corp,8457,Terre Haute South Vigo High School,,,,14,14,100.00%,20,12,60.00%,13,9,69.23%,24,19,79.17%,,,,318,275,86.48%,248,228,91.94%,130,99,76.15%,308,283,91.88%,70,44,62.86%,374,327,87.43%,***,***,***,177,157,88.70%,212,172,81.13%,389,329,84.58%
8030,Vigo County School Corp,8611,Booker T Washington Alt Sch,***,***,***,,,,,,,,,,***,***,***,,,,24,16,66.67%,10,8,80.00%,16,12,75.00%,19,14,73.68%,***,***,***,26,20,76.92%,,,,20,16,80.00%,10,4,40.00%,30,20,66.67%
8030,Vigo County School Corp,8612,McLean Education Center (Alt),,,,,,,***,***,***,***,***,***,***,***,***,,,,21,12,57.14%,***,***,***,12,8,66.67%,13,9,69.23%,***,***,***,21,13,61.90%,,,,***,***,***,16,9,56.25%,24,13,54.17%
8045,Manchester Community Schools,8625,Manchester Jr-Sr High School,,,,,,,,,,***,***,***,***,***,***,,,,117,112,95.73%,79,76,96.20%,44,42,95.45%,112,111,99.11%,12,8,66.67%,124,119,95.97%,,,,63,62,98.41%,61,57,93.44%,124,119,95.97%
8050,M S D Wabash County Schools,8651,Northfield Jr-Sr High School,***,***,***,,,,,,,***,***,***,***,***,***,,,,71,69,97.18%,51,50,98.04%,24,23,95.83%,68,66,97.06%,***,***,***,75,73,97.33%,,,,42,42,100.00%,33,31,93.94%,75,73,97.33%
8050,M S D Wabash County Schools,8655,Southwood Jr-Sr High School,,,,,,,,,,***,***,***,***,***,***,,,,66,66,100.00%,49,49,100.00%,19,18,94.74%,66,65,98.48%,***,***,***,68,67,98.53%,,,,33,33,100.00%,35,34,97.14%,68,67,98.53%
8050,M S D Wabash County Schools,8673,White's Jr-Sr High School,,,,***,***,***,***,***,***,***,***,***,***,***,***,,,,63,36,57.14%,25,14,56.00%,39,22,56.41%,52,31,59.62%,13,6,46.15%,65,37,56.92%,,,,32,25,78.13%,40,18,45.00%,72,43,59.72%
8060,Wabash City Schools,8693,Wabash High School,,,,,,,***,***,***,***,***,***,***,***,***,,,,95,91,95.79%,63,61,96.83%,36,35,97.22%,90,89,98.89%,***,***,***,99,96,96.97%,,,,54,52,96.30%,46,44,95.65%,100,96,96.00%
8115,M S D Warren County,8737,Seeger Memorial Jr-Sr High School,,,,,,,,,,***,***,***,***,***,***,***,***,***,83,82,98.80%,59,59,100.00%,29,27,93.10%,76,75,98.68%,13,11,84.62%,89,86,96.63%,,,,40,40,100.00%,50,47,94.00%,90,87,96.67%
8130,Warrick County School Corp,8772,Tecumseh High School,,,,,,,,,,***,***,***,***,***,***,,,,83,82,98.80%,60,59,98.33%,26,25,96.15%,66,66,100.00%,20,18,90.00%,86,84,97.67%,,,,47,46,97.87%,39,38,97.44%,86,84,97.67%
8130,Warrick County School Corp,8789,Boonville High School,***,***,***,,,,***,***,***,***,***,***,***,***,***,,,,199,159,79.90%,122,106,86.89%,78,60,76.92%,165,143,86.67%,39,23,58.97%,204,166,81.37%,,,,92,81,88.04%,115,86,74.78%,207,167,80.68%
8130,Warrick County School Corp,8809,Castle High School,***,***,***,11,11,100.00%,***,***,***,10,10,100.00%,23,21,91.30%,,,,404,376,93.07%,377,362,96.02%,74,65,87.84%,402,391,97.26%,49,36,73.47%,450,426,94.67%,***,***,***,223,212,95.07%,234,215,91.88%,457,427,93.44%
8205,Salem Community Schools,8857,Salem High School,,,,***,***,***,***,***,***,,,,***,***,***,,,,136,120,88.24%,73,72,98.63%,59,50,84.75%,108,101,93.52%,25,21,84.00%,133,122,91.73%,,,,67,63,94.03%,72,60,83.33%,139,123,88.49%
8215,East Washington School Corp,8905,Eastern High School,,,,***,***,***,***,***,***,***,***,***,***,***,***,,,,100,92,92.00%,62,58,93.55%,44,39,88.64%,96,89,92.71%,10,8,80.00%,106,97,91.51%,,,,52,50,96.15%,54,47,87.04%,106,97,91.51%
8220,West Washington School Corp,8869,West Washington Jr-Sr High School,,,,,,,,,,,,,,,,,,,47,46,97.87%,27,27,100.00%,20,19,95.00%,43,43,100.00%,***,***,***,47,46,97.87%,,,,26,26,100.00%,21,20,95.24%,47,46,97.87%
8305,Nettle Creek School Corporation,8985,Hagerstown Jr-Sr High School,,,,,,,,,,***,***,***,***,***,***,,,,57,56,98.25%,42,41,97.62%,18,18,100.00%,47,47,100.00%,13,12,92.31%,60,59,98.33%,,,,27,26,96.30%,33,33,100.00%,60,59,98.33%
8355,Western Wayne Schools,8961,Lincoln Sr High School,,,,***,***,***,,,,***,***,***,***,***,***,,,,94,73,77.66%,49,41,83.67%,40,35,87.50%,79,68,86.08%,11,8,72.73%,88,76,86.36%,***,***,***,45,37,82.22%,54,39,72.22%,99,76,76.77%
8360,Centerville-Abington Com Schs,8981,Centerville Sr High School,***,***,***,***,***,***,***,***,***,***,***,***,***,***,***,***,***,***,102,101,99.02%,85,85,100.00%,27,27,100.00%,104,104,100.00%,***,***,***,112,112,100.00%,,,,65,64,98.46%,48,48,100.00%,113,112,99.12%
8375,Northeastern Wayne Schools,8927,Northeastern High School,,,,***,***,***,,,,***,***,***,***,***,***,,,,90,87,96.67%,69,68,98.55%,28,26,92.86%,81,80,98.77%,16,14,87.50%,97,94,96.91%,,,,49,47,95.92%,48,47,97.92%,97,94,96.91%
8385,Richmond Community Schools,8993,Richmond High School,,,,***,***,***,34,34,100.00%,32,32,100.00%,28,28,100.00%,,,,177,172,97.18%,95,94,98.95%,177,173,97.74%,229,228,99.56%,44,40,90.91%,269,264,98.14%,***,***,***,151,146,96.69%,124,124,100.00%,275,270,98.18%
8425,Southern Wells Com Schools,9058,Southern Wells Jr-Sr High School,***,***,***,,,,,,,,,,,,,,,,53,53,100.00%,37,37,100.00%,17,17,100.00%,48,48,100.00%,***,***,***,54,54,100.00%,,,,26,26,100.00%,28,28,100.00%,54,54,100.00%
8435,Northern Wells Community Schools,9087,Norwell High School,***,***,***,***,***,***,***,***,***,***,***,***,***,***,***,,,,167,161,96.41%,141,137,97.16%,38,36,94.74%,163,158,96.93%,16,15,93.75%,179,173,96.65%,,,,100,98,98.00%,80,75,93.75%,180,173,96.11%
8445,M S D Bluffton-Harrison,9089,Bluffton High School,,,,,,,***,***,***,***,***,***,,,,,,,88,86,97.73%,53,51,96.23%,44,44,100.00%,88,88,100.00%,***,***,***,97,95,97.94%,,,,53,52,98.11%,44,43,97.73%,97,95,97.94%
8515,North White School Corp,9135,North White High School,,,,,,,,,,23,18,78.26%,***,***,***,,,,46,42,91.30%,30,28,93.33%,39,34,87.18%,59,53,89.83%,10,9,90.00%,61,56,91.80%,***,***,***,32,29,90.63%,39,33,84.62%,71,62,87.32%
8525,Frontier School Corporation,9137,Frontier Jr-Sr High School,,,,,,,,,,***,***,***,***,***,***,,,,38,35,92.11%,30,28,93.33%,10,8,80.00%,32,29,90.63%,***,***,***,40,36,90.00%,,,,20,18,90.00%,20,18,90.00%,40,36,90.00%
8535,Tri-County School Corporation,9141,Tri-County Jr/Sr High School,,,,,,,***,***,***,***,***,***,***,***,***,,,,62,57,91.94%,42,40,95.24%,23,20,86.96%,50,47,94.00%,17,13,76.47%,67,60,89.55%,,,,31,28,90.32%,37,32,86.49%,68,60,88.24%
8565,Twin Lakes School Corp,9149,Twin Lakes Senior High School,,,,,,,,,,27,23,85.19%,12,10,83.33%,,,,154,131,85.06%,102,92,90.20%,83,72,86.75%,168,148,88.10%,19,16,84.21%,187,164,87.70%,,,,98,84,85.71%,95,80,84.21%,193,164,84.97%
8625,Smith-Green Community Schools,9193,Churubusco Jr-Sr High School,,,,,,,,,,***,***,***,***,***,***,,,,85,77,90.59%,66,65,98.48%,19,14,73.68%,75,73,97.33%,10,6,60.00%,85,79,92.94%,,,,36,34,94.44%,51,45,88.24%,87,79,90.80%
8665,Whitley County Con Schools,9187,Columbia City High School,***,***,***,***,***,***,,,,***,***,***,***,***,***,,,,229,217,94.76%,194,186,95.88%,45,41,91.11%,213,207,97.18%,26,20,76.92%,239,227,94.98%,,,,116,107,92.24%,124,121,97.58%,240,228,95.00%
8810,CSUSA Howe,5639,Thomas Carr Howe Comm High School,,,,,,,23,21,91.30%,***,***,***,***,***,***,,,,25,22,88.00%,***,***,***,59,55,93.22%,51,50,98.04%,***,***,***,58,54,93.10%,***,***,***,29,26,89.66%,32,30,93.75%,61,56,91.80%
8815,CSUSA Manual,5481,Emmerich Manual High School,,,,***,***,***,24,17,70.83%,16,13,81.25%,13,11,84.62%,,,,49,38,77.55%,***,***,***,98,80,81.63%,80,68,85.00%,19,13,68.42%,94,76,80.85%,***,***,***,56,47,83.93%,50,36,72.00%,106,83,78.30%
8820,Edison Learning Roosevelt,4033,Theodore Roosevelt Car & Tech Acad,,,,,,,125,51,40.80%,***,***,***,,,,,,,,,,***,***,***,115,49,42.61%,103,39,37.86%,18,12,66.67%,121,51,42.15%,,,,61,28,45.90%,66,23,34.85%,127,51,40.16%
9050,Excel Center - Clarksville,2006,Excel Center - Clarksville,,,,,,,***,***,***,***,***,***,***,***,***,,,,29,3,10.34%,17,1,5.88%,15,1,6.67%,23,2,8.70%,11,0,0.00%,34,2,5.88%,,,,20,2,10.00%,22,1,4.55%,42,3,7.14%
9055,Excel Center - Hammond,2018,Excel Center - Hammond,,,,,,,16,0,0.00%,10,0,0.00%,***,***,***,,,,***,***,***,***,***,***,15,0,0.00%,20,0,0.00%,***,***,***,20,0,0.00%,***,***,***,11,0,0.00%,19,0,0.00%,30,0,0.00%
9120,Insight School of Indiana,2528,Insight School of Indiana,,,,***,***,***,12,3,25.00%,***,***,***,12,3,25.00%,,,,122,26,21.31%,17,5,29.41%,93,30,32.26%,94,27,28.72%,17,8,47.06%,110,35,31.82%,***,***,***,93,19,20.43%,63,16,25.40%,156,35,22.44%
9155,Indiana Virtual Pathways Academy,5468,Indiana Virtual Pathways Academy,***,***,***,***,***,***,147,3,2.04%,110,1,0.91%,43,0,0.00%,***,***,***,698,17,2.44%,437,11,2.52%,477,10,2.10%,818,18,2.20%,99,3,3.03%,889,21,2.36%,28,0,0.00%,601,15,2.50%,408,7,1.72%,1009,22,2.18%
9305,Excel Center - Richmond,9012,Excel Center - Richmond,,,,,,,***,***,***,***,***,***,***,***,***,,,,86,23,26.74%,24,6,25.00%,49,14,28.57%,55,16,29.09%,21,4,19.05%,76,20,26.32%,,,,46,18,39.13%,52,7,13.46%,98,25,25.51%
9315,Signature School Inc,8295,Signature School Inc,,,,15,15,100.00%,***,***,***,***,***,***,***,***,***,,,,36,36,100.00%,56,56,100.00%,***,***,***,64,64,100.00%,,,,64,64,100.00%,,,,33,33,100.00%,31,31,100.00%,64,64,100.00%
9320,Community Montessori Inc,1536,Community Montessori,,,,,,,,,,***,***,***,***,***,***,,,,31,30,96.77%,24,23,95.83%,***,***,***,24,24,100.00%,***,***,***,33,32,96.97%,,,,18,18,100.00%,15,14,93.33%,33,32,96.97%
9325,Options Charter School - Carmel,2524,Options Charter School - Carmel,,,,,,,***,***,***,***,***,***,***,***,***,,,,44,17,38.64%,34,17,50.00%,19,8,42.11%,41,18,43.90%,12,7,58.33%,53,25,47.17%,,,,27,12,44.44%,32,14,43.75%,59,26,44.07%
9330,Irvington Community School,1537,Irvington Community School,,,,,,,14,12,85.71%,***,***,***,***,***,***,,,,43,35,81.40%,30,28,93.33%,41,32,78.05%,64,57,89.06%,***,***,***,70,60,85.71%,***,***,***,30,26,86.67%,41,34,82.93%,71,60,84.51%
9335,Excel Center - Lafayette Square,5912,Excel Center - Lafayette Square,,,,,,,39,9,23.08%,23,1,4.35%,***,***,***,,,,***,***,***,16,4,25.00%,41,8,19.51%,50,9,18.00%,10,3,30.00%,51,11,21.57%,***,***,***,32,8,25.00%,41,5,12.20%,73,13,17.81%
9345,Excel Center - Lafayette,8094,Excel Center - Lafayette,,,,,,,21,2,9.52%,23,2,8.70%,***,***,***,,,,84,39,46.43%,40,17,42.50%,85,29,34.12%,107,45,42.06%,19,1,5.26%,119,46,38.66%,***,***,***,61,31,50.82%,76,17,22.37%,137,48,35.04%
9355,Excel Center - Kokomo,2976,Excel Center - Kokomo,,,,,,,11,3,27.27%,***,***,***,***,***,***,,,,93,30,32.26%,38,14,36.84%,64,21,32.81%,87,28,32.18%,18,7,38.89%,105,35,33.33%,,,,63,20,31.75%,55,16,29.09%,118,36,30.51%
9380,Christel House Academy South,5874,Christel House Academy South,,,,,,,***,***,***,***,***,***,***,***,***,,,,12,9,75.00%,***,***,***,23,19,82.61%,23,19,82.61%,***,***,***,29,23,79.31%,***,***,***,14,13,92.86%,16,11,68.75%,30,24,80.00%
9385,Christel House DORS,5532,Christel House DORS,,,,,,,15,7,46.67%,***,***,***,***,***,***,,,,***,***,***,***,***,***,23,12,52.17%,20,10,50.00%,11,6,54.55%,30,15,50.00%,***,***,***,16,6,37.50%,18,10,55.56%,34,16,47.06%
9440,Christel House DORS West,5873,Christel House DORS West,,,,,,,***,***,***,***,***,***,,,,,,,***,***,***,***,***,***,19,6,31.58%,18,8,44.44%,***,***,***,22,9,40.91%,***,***,***,***,***,***,19,6,31.58%,26,9,34.62%
9445,Charles A Tindley Accelerated Sch,6208,Charles A Tindley Accelerated Sch,,,,,,,65,55,84.62%,,,,***,***,***,,,,,,,21,18,85.71%,45,38,84.44%,63,53,84.13%,***,***,***,66,56,84.85%,,,,35,33,94.29%,31,23,74.19%,66,56,84.85%
9460,Thea Bowman Leadership Academy,4022,Thea Bowman Leadership Academy,,,,,,,96,81,84.38%,***,***,***,,,,,,,,,,29,27,93.10%,63,58,92.06%,86,78,90.70%,***,***,***,93,85,91.40%,,,,45,40,88.89%,55,45,81.82%,100,85,85.00%
9535,Gary Lighthouse Charter School,4130,Gary Lighthouse Charter School,,,,,,,129,121,93.80%,18,17,94.44%,***,***,***,,,,***,***,***,,,,154,147,95.45%,139,136,97.84%,16,11,68.75%,155,147,94.84%,,,,85,82,96.47%,73,66,90.41%,158,148,93.67%
9545,21st Century Charter Sch of Gary,4164,21st Century Charter Sch of Gary,,,,,,,64,61,95.31%,,,,***,***,***,,,,,,,14,11,78.57%,52,51,98.08%,57,55,96.49%,***,***,***,66,62,93.94%,,,,34,33,97.06%,32,29,90.63%,66,62,93.94%
9575,Indpls Lighthouse Charter School,5523,Indpls Lighthouse Charter School,,,,,,,35,34,97.14%,***,***,***,***,***,***,,,,14,14,100.00%,,,,58,57,98.28%,52,51,98.08%,***,***,***,57,56,98.25%,***,***,***,32,32,100.00%,27,25,92.59%,59,57,96.61%
9620,Burris Laboratory School,1441,Burris Laboratory School,,,,,,,***,***,***,***,***,***,***,***,***,,,,34,34,100.00%,38,38,100.00%,***,***,***,43,43,100.00%,***,***,***,46,46,100.00%,,,,21,21,100.00%,25,25,100.00%,46,46,100.00%
9625,Indiana Academy for Sci Math Hmn,1443,Indiana Academy for Sci Math Hmn,***,***,***,17,17,100.00%,10,10,100.00%,11,9,81.82%,***,***,***,,,,102,96,94.12%,115,110,95.65%,32,29,90.63%,143,135,94.41%,***,***,***,146,138,94.52%,***,***,***,91,87,95.60%,56,52,92.86%,147,139,94.56%
9630,Carpe Diem - Shadeland,5978,Carpe Diem - Shadeland,,,,,,,***,***,***,,,,,,,,,,***,***,***,***,***,***,***,***,***,***,***,***,,,,***,***,***,,,,***,***,***,***,***,***,***,***,***
9640,Options Charter School Noblesville,2551,Options Charter School Noblesville,,,,,,,11,3,27.27%,***,***,***,***,***,***,,,,55,17,30.91%,49,16,32.65%,22,6,27.27%,59,20,33.90%,13,3,23.08%,72,23,31.94%,,,,40,14,35.00%,36,9,25.00%,76,23,30.26%
9650,Herron Charter,5724,Herron High School,***,***,***,***,***,***,41,39,95.12%,13,13,100.00%,***,***,***,,,,120,120,100.00%,121,121,100.00%,67,65,97.01%,167,166,99.40%,21,20,95.24%,188,186,98.94%,,,,117,116,99.15%,71,70,98.59%,188,186,98.94%
9655,Hope Academy,5292,Hope Academy,,,,,,,***,***,***,***,***,***,,,,,,,13,7,53.85%,***,***,***,***,***,***,***,***,***,***,***,***,13,7,53.85%,,,,***,***,***,10,5,50.00%,15,8,53.33%
9670,Indianapolis Metropolitan High Sch,5664,Indianapolis Metropolitan High Sch,,,,,,,39,36,92.31%,***,***,***,***,***,***,,,,***,***,***,15,14,93.33%,38,36,94.74%,45,44,97.78%,***,***,***,52,49,94.23%,***,***,***,27,23,85.19%,28,27,96.43%,55,50,90.91%
9705,Hammond Academy of Science & Tech,4486,Hammond Academy of Science & Tech,,,,***,***,***,14,14,100.00%,21,20,95.24%,***,***,***,,,,18,16,88.89%,30,28,93.33%,24,24,100.00%,54,52,96.30%,***,***,***,51,49,96.08%,***,***,***,28,26,92.86%,27,26,96.30%,55,52,94.55%
9710,Carpe Diem - Northwest,5977,Carpe Diem - Northwest,,,,,,,16,10,62.50%,***,***,***,,,,,,,***,***,***,***,***,***,16,15,93.75%,20,14,70.00%,***,***,***,20,13,65.00%,***,***,***,15,11,73.33%,***,***,***,23,16,69.57%
9730,Neighbors' New Vistas High School,6864,Neighbors' New Vistas High School,,,,,,,11,4,36.36%,***,***,***,***,***,***,,,,39,9,23.08%,19,7,36.84%,33,12,36.36%,40,14,35.00%,13,5,38.46%,53,19,35.85%,,,,31,12,38.71%,30,7,23.33%,61,19,31.15%
9750,Excel Center - Anderson,4904,Excel Center - Anderson,,,,,,,13,0,0.00%,***,***,***,***,***,***,,,,40,11,27.50%,***,***,***,43,11,25.58%,42,12,28.57%,11,1,9.09%,51,13,25.49%,***,***,***,26,10,38.46%,41,4,9.76%,67,14,20.90%
9755,Carpe Diem - Meridian Campus,5979,Carpe Diem - Meridian Campus,,,,,,,***,***,***,***,***,***,,,,,,,***,***,***,***,***,***,***,***,***,***,***,***,***,***,***,***,***,***,,,,***,***,***,***,***,***,***,***,***
9760,Smith Academy for Excellence,0242,Smith Academy for Excellence,,,,,,,***,***,***,,,,,,,,,,,,,***,***,***,***,***,***,***,***,***,,,,***,***,***,,,,,,,***,***,***,***,***,***
9790,Anderson Preparatory Academy,5092,Anderson Preparatory Academy,,,,***,***,***,***,***,***,***,***,***,***,***,***,,,,38,36,94.74%,35,34,97.14%,16,15,93.75%,46,45,97.83%,***,***,***,50,48,96.00%,***,***,***,25,24,96.00%,27,26,96.30%,52,50,96.15%
9805,Hoosier Academy - Indianapolis,2527,Hoosier Academy - Indianapolis,,,,,,,***,***,***,***,***,***,,,,,,,11,8,72.73%,***,***,***,11,9,81.82%,***,***,***,***,***,***,12,10,83.33%,,,,***,***,***,***,***,***,14,10,71.43%
9840,Excel Center - University Heights,5749,Excel Center - University Heights,,,,***,***,***,***,***,***,***,***,***,***,***,***,,,,29,5,17.24%,***,***,***,21,5,23.81%,20,4,20.00%,***,***,***,26,6,23.08%,***,***,***,23,7,30.43%,22,2,9.09%,45,9,20.00%
9855,Excel Center - Noblesville,5748,Excel Center - Noblesville,,,,***,***,***,***,***,***,16,2,12.50%,***,***,***,,,,59,20,33.90%,39,16,41.03%,43,11,25.58%,61,24,39.34%,23,3,13.04%,75,27,36.00%,***,***,***,35,16,45.71%,53,12,22.64%,88,28,31.82%
9865,Hoosier Acad Virtual Charter,5290,Hoosier Acad Virtual Charter Sch,***,***,***,***,***,***,17,10,58.82%,13,5,38.46%,***,***,***,,,,228,100,43.86%,70,22,31.43%,141,96,68.09%,190,100,52.63%,27,18,66.67%,215,117,54.42%,***,***,***,170,85,50.00%,99,35,35.35%,269,120,44.61%
9875,Rock Creek Community Academy,0771,Rock Creek Community Academy,,,,,,,***,***,***,,,,***,***,***,,,,23,23,100.00%,20,20,100.00%,***,***,***,19,19,100.00%,***,***,***,28,28,100.00%,,,,12,12,100.00%,16,16,100.00%,28,28,100.00%
9880,Career Academy High School,7567,Career Academy High School,***,***,***,***,***,***,12,11,91.67%,***,***,***,***,***,***,,,,37,33,89.19%,29,27,93.10%,29,26,89.66%,47,42,89.36%,11,11,100.00%,58,53,91.38%,,,,33,29,87.88%,28,25,89.29%,61,54,88.52%
9885,Gary Middle College,4027,Gary Middle College,,,,,,,86,24,27.91%,***,***,***,***,***,***,,,,***,***,***,29,9,31.03%,49,15,30.61%,71,22,30.99%,***,***,***,79,24,30.38%,,,,49,16,32.65%,45,10,22.22%,94,26,27.66%
9890,Indiana Virtual School,2488,Indiana Virtual School,,,,,,,38,8,21.05%,29,3,10.34%,17,3,17.65%,,,,270,71,26.30%,165,54,32.73%,153,29,18.95%,307,79,25.73%,13,4,30.77%,317,83,26.18%,***,***,***,231,63,27.27%,123,22,17.89%,354,85,24.01%
9895,IN Math & Science Academy - North,5444,IN Math & Science Academy - North,,,,***,***,***,25,21,84.00%,***,***,***,***,***,***,,,,***,***,***,10,10,100.00%,24,20,83.33%,29,26,89.66%,***,***,***,33,29,87.88%,***,***,***,12,12,100.00%,23,18,78.26%,35,30,85.71%
9900,Excel Center - South Bend,7566,Excel Center - South Bend,,,,,,,***,***,***,***,***,***,***,***,***,,,,11,1,9.09%,***,***,***,10,1,10.00%,***,***,***,***,***,***,14,2,14.29%,,,,12,1,8.33%,12,1,8.33%,24,2,8.33%
9905,Indiana Connections Academy,7944,Indiana Connections Academy,***,***,***,10,9,90.00%,53,26,49.06%,72,34,47.22%,40,13,32.50%,,,,763,386,50.59%,468,312,66.67%,294,146,49.66%,705,423,60.00%,86,38,44.19%,788,461,58.50%,***,***,***,553,293,52.98%,387,175,45.22%,940,468,49.79%
9910,Excel Center for Adult Learners,5669,Excel Center For Adult Learners,***,***,***,***,***,***,183,29,15.85%,40,8,20.00%,23,1,4.35%,,,,46,10,21.74%,52,8,15.38%,172,32,18.60%,183,39,21.31%,47,2,4.26%,214,37,17.29%,16,4,25.00%,143,29,20.28%,152,19,12.50%,295,48,16.27%
9915,Marion Academy,5903,Marion Academy,,,,,,,58,4,6.90%,10,0,0.00%,***,***,***,***,***,***,33,0,0.00%,18,1,5.56%,51,3,5.88%,62,4,6.45%,24,0,0.00%,83,4,4.82%,***,***,***,36,3,8.33%,72,1,1.39%,108,4,3.70%
9920,Damar Charter Academy,5191,Damar Charter Academy,,,,,,,***,***,***,,,,***,***,***,,,,14,0,0.00%,***,***,***,18,0,0.00%,***,***,***,22,0,0.00%,23,0,0.00%,,,,***,***,***,20,0,0.00%,24,0,0.00%
9930,Nexus Academy of Indianapolis,5302,Nexus Academy of Indianapolis,,,,***,***,***,11,9,81.82%,,,,***,***,***,,,,***,***,***,***,***,***,10,8,80.00%,14,11,78.57%,***,***,***,16,13,81.25%,,,,13,10,76.92%,***,***,***,16,13,81.25%
9950,Dugger Union Community School Corp,7952,Dugger Union Community School Corp,***,***,***,,,,,,,,,,***,***,***,,,,46,33,71.74%,24,18,75.00%,24,17,70.83%,40,29,72.50%,***,***,***,48,35,72.92%,,,,25,17,68.00%,23,18,78.26%,48,35,72.92%
9995,Excel Center - Shelbyville,1117,Excel Center - Shelbyville,,,,,,,***,***,***,***,***,***,***,***,***,,,,39,9,23.08%,14,3,21.43%,21,4,19.05%,33,8,24.24%,***,***,***,37,8,21.62%,,,,21,7,33.33%,22,2,9.09%,43,9,20.93%
